input,context,answers,length,dataset,language,all_classes,_id,index_in_dataset,occurrence_number,start_time,answer,ttft,finish_time,throughput
"Dialogue: Derek: Judy, r you leaving for the weekend?
Judy: Nah
Derek: So can you feed my animals on Friday and Saturday?
Judy: sure, no problem
Derek: Thank you :) Maybe on Thursday I would give you my keys?
Judy: Ok
Derek: Thanks :) Later I will tell you the details :)
Judy: surely
Summary: ","Dialogue: Clem: to difficult for Helena tomorrow, she's leaving for Torun the next morning
Maria: neither can't Yoli!! Could u send a mail to everyone?
Clem: I don't have the listing... I'll ask Lisa
Maria: ok, at least i empty my dining room, and we'll do it at home. I talk to Antonio before
Clem: i talk to Jim as well
Summary: Clem will talk to Jim and ask Lisa to send an email to everyone. Maria will talk to Antonio and empty the dining room so that they can do it at home.
Dialogue: Chris: Hi, do you have plans for New Year’s Eve?
Maggie: Hi, not yet. Any suggestions? ;-)
Chris: Maybe… ;-) Wanna stay home or feeling like going out?
Maggie: Tom wants to stay home. AS ALWAYS.
Chris: What’s his excuse this year? 
Maggie: You know, he’s always tired…
Chris: And what about you? 
Maggie: Well, you know me, I like people, parties…Remember Jack’s birthady party two year ago? ;-)
Chris: I’ll never forget it, I swear to God… 
Chris:  So, maybe you can talk him over?
Maggie: yeah, it’d be nice if we’d finally go out somewhere.
Chris: Want me to talk with your hubby? ;-)
Maggie: Try, but can’t promise anything. You know him.
Chris: Yeah, I know, as stubborn as a mule…
Maggie: Listen, maybe you can drop in and celebrate with us?
Chris: Well, maybe it’s not a bad idea…
Maggie: you bet it isn’t!!:-)I’ll talk to Tom
Chris: OK, then I’ll talk to Jane and I’ll give you a call.
Maggie: Perfect, can’t wait to see you both!
Chris: Sounds we’re gonna have fun this time 
Maggie: You won’t be disappointed.
Summary: Chris and Jane will come over to Maggie to celebrate New Year’s Eve.
Dialogue: Elise: <file_photo>
Elise: my brother's new girlfriend... :(
Svante: hahaha dont worry Elise, he seems happy ;) ;)
Paula: <file_gif>
Paula: how old is she?
Elise: dont know... looks 40 acts like 13... 
Summary: Elise's brother has a new girlfriend. Elise doesn't like her.
Dialogue: Logan: Where are you?
Beth: at home
Logan: already?
Beth: I was tired
Logan: But you left without saying anything 
Beth: I know, I didn't want to be a kill joy
Logan: but we were worried that something happened
Beth: I'm sorry
Logan: doesn't matter, good that you're safe
Beth: I need to rest a few days
Logan: I know, I understand it
Beth: But we can meet on Wednesday if you want
Logan: would be great
Beth: ok, I'll write you
Logan: great
Summary: Beth is at home. Logan is surprised that Beth left without saying goodbye. Beth and Logan are probably meeting again on Wednesday.
Dialogue: David: hi! i was going through the old pictures .. time surely flies.. miss those old days man!
Sam: same here .. that carefree life... now its so much stress .. it was good being young...
David: yea.. but at that time we wanted to grow up, be independent have girl friends lol
Sam: lol yeah.. hey remember Jennie?  
David: yes how can i forget her.. our first crush.. we both tried to woo her but she didnt come to either of us lol
Sam: yes... she met accident few days ago
David: OMG really? is she ok? 
Sam: i guess so .. she was driving car and her boyfriend was with her when she met accident, her boy friend passed away on the spot.
David: thats such a bad newss.. what about her?
Sam: she is under observation..  
David: i hope she gets well soon.. how do you know all?
Sam: her boyfriend was my cousin! 
David: oh may his soul rest in peace.. that was very sad to hear.
Sam: yes  :(
Summary: David and Sam miss the old days. Sam's cousin passed away and his girlfriend Jennie's been under observation since the accident.
Dialogue: Dawn: hey
Dike: hey bro
Dawn: im cool, call me if you have some airtime, we need to talk
Dike: okay then
Summary: Dawn wants Dike to call him when he can.
Dialogue: Charity: hey
Joyce: hey
Charity: is the HOD in yet?
Joyce: who is this?
Charity: i'm her student
Joyce: well okay, he was here but he left for a while
Charity: okay then
Joyce: check him later
Summary: Charity wants to know if HOD is in but he has already left.
Dialogue: George: If the problem is not solved soon, i will want you to return me the money for the card
Thomas: This problem is easy to solve
George: Ok, it would be awesome, because i really don't know how to make my card work
Thomas: You need have the same information of ESNCARD.ORG
George: I do have. this is why I don't know where the problem is. I even checked it now a few times
Thomas: Check if you have the same home university
George: Yes, all is the same
Thomas: Then check if you don’t add names you should have the name in same way of esncard
George: Yes all is the same. It is beeing rejected all the time
Thomas: Yesterday I solved the same problem that you have for two girls. The problem was the names and the university
Summary: George has a problem with his esncard and demands a refund if Thomas won't fix it. Although all the information on the card is the same as at ESNCARD.ORG, it doesn't work.
Dialogue: Josh: Thanks! Do you know her size?
Monica: Don't you?
Josh: I tried being discreet about it, but every method I found on the internet failed.
Monica: What did you do?
Josh: I tried tying a string around her finger, but she woke up.
Monica: Yeah, she's a light sleeper. 
Josh: Now I know that. I tried getting her to buy a ring so that I could measure it.
Monica: That's a good idea!
Josh: Not really. We spent the entire evening at different shops, she measured virtually any ring she could find but didn't buy anything.
Monica: Hahaha! I know! I remember one time we went shopping. I came out with 3 full shopping bags and she just got a slurpee.
Josh: Not funny. 
Monica: Don't worry, I'll figure something out. 
Summary: Josh wants to buy her a ring, but he doesn't know her size. Monica will help him to figure it out. 
Dialogue: Alex: Round two tomorrow for sunset at hermossa ?
Ben: <file_gif>
Luke: Isis and I will come too. We'll have our own car
Anna: woooo!
Victor: yeah!
Owen: I’m up for it
Alex: Surf camp 4pm, whoever needs a ride
Summary: Alex, Ben, Luke, Isis, Anna, Victor and Owen are going to see the sunset at Hermossa tomorrow. Luke and Isis will take their own car. Alex offers a ride from the surf camp at 4 PM.
Dialogue: Mel: what's going on with Sharon then?
Louise: don't know but it can't be good!
Ellie: why? what happened?
Mel: All the big bosses and HR were in the office yesterday and Sharon got called into a meeting...
Louise: our management were in there as well for ages!
Ellie: I wonder why? 
Mel: maybe something to do with that argument with Carrie last week?
Louise: probably, I heard it got pretty ugly!
Mel: we were in the next office and could hear the shouting - not good! 
Ellie: what happened?!?! I missed everything!
Mel: Carrie and Sharon had a big fall out and the way Sharon spoke to Carrie was quite bad. I wouldn't dare talk to a manager like that! 
Louise: Sharon can have quite a foul mouth on her if she wants. 
Ellie: I hope Carrie is ok then...
Mel: she was fine, a bit shaken but ok, I saw her afterwards. Sharon stormed off though. 
Louise: well, I assume we will hear soon enough what it is all about -  team meeting Thursday...
Ellie: I'm not in the office until Thursday ladies, so I'll see you then! Keep me posted if anything goes on though! 
Mel: will do, have a good week! 
Louise: see you soon! 
Ellie: you too!
Mel: Louise, are you doing a home visit at Ruben's this afternoon? I'm after a lift to Church road...
Louise: lucky you, I am and I'll drop you off. Not until 2.30 though...
Mel: Perfect thanks! see you in a bit. 
Louise: see you!
Summary: Sharon was called into the disciplinary meeting with bosses after a loud argument with her manager Carrie. There will be a team meeting on Thursday. Louise will drop Mel off around 2:30.
Dialogue: Clarissa: <photo_file>
Jessica: What a view!
Olympia: I envy you !!!
Summary: Jessica and Olympia like Clarissa's photo.
Dialogue: Terry: Who should take a car tonight?
Mary: I'd prefer not to
Charlotte: I can drive, I don't mind it
Terry: thanks! I would like to relax tonight, because it's me who always drives
Charlotte: I know, don't worry, this time I'll do it for us
Summary: Charlotte's going to drive tonight.
Dialogue: Alan: Did you see that accident on you way to work?
Kev: I did. Though I wish I hadn't.
Alan: It must have been some crazy kid who had got hold of his dad's car and lost control of it.
Kev: Who knows.
Alan: The car is a total write-off. 
Kev: Good for nothing. 
Alan: There was an ambulance. I wonder if it was as serious as it looked.
Kev: They'll talk about that in the local news, for sure.
Alan: Maybe it will be a warning to some daredevils.
Kev: I don't think so. If you're nuts about speed, there's nothing that can stop you.
Alan: There is. Another car, a tree, a lamp post...
Kev: I didn't mean that.
Alan: I know. Anyway, I'm wondering if the traffic jam has eased off. Lots of people from the office must be stuck there.
Kev: I'm still alone in the room. Blissful peace and quiet :-)
Alan: Enjoy while you can :-)
Summary: There was an accident on Alan and Kev's way to work. Car is crashed. Ambulance came. Alan is thinking about traffic jam that it caused, Kev is happy to still be at the office.
Dialogue: Sydney: <file_video>
Sydney: This is the video Karolina took while u were dancing😃😄😃😄😃😄
Andrew: Omg so terrible((d[-_-]b))((d[-_-]b))((d[-_-]b))
Sydney: But it is so funny!! XDXDXDXDXDXD(*^3^)/~☆
Sydney: You looked like the octopus caught by the fisherman and shacking on the boat
Andrew: I was drunk!!(*￣m￣)(*￣m￣)(*￣m￣)
Sydney: I still remember what the instructor said to you 
Sydney: What did he say to you?
Andrew: Only one way I can dance well(－－〆)
Sydney: That's the point! (⌒▽⌒）(⌒▽⌒）(⌒▽⌒）
Sydney: You drank a lot and you looked like a live dancing octopus XD
Andrew: Not everybody can be talented in dancing!
Sydney: Of course you are right (●＾o＾●)(
Sydney: But not many people could dance like octopus like you XDXD
Andrew: Delete it!Delete it!Delete it!Delete it!
Summary: Karolina took a video of Andrew dancing when he was drunk.
Dialogue: Patricia: Hey, are the chickens available now? Are there eggs as well?
Magdalena: Happy New Year!!! Have fun you all! <file_gif>
Martina: (Y) Hello to everyone in 2019! You are most welcome to buy Peking ducks, moulards and green legged cocks. Transport available.30zl/kg. Eggs 0.8zl per one. 
Patricia: Where are you from?
Martina: Sierakow area
Eve: Hello, are those cocks young?
Magdalena: A bit expensive for me. I buy chickens in my hometown for 30zl per bird
Ella: Where is the delivery point?
Martina: A cock is not a  chicken. the meat tastes differently. Delivery is personalized.
Summary: Martina sells Peking ducks, moulards and green legged cocks for 30 zl/kg and eggs for 0.8zl per one. Transportation and delivery are personalized. Martina's from Sierakow area. Magdalena buys chickens for 30zl per bird.
Dialogue: Kelly: I'm going to Paul tomorrow and again i feel I don't know what is expecting me there
Ann: We never know what expects us tomorrow
Kelly: But maybe it's how it should be
Jenny: Yes
Jenny: a partner is not a dog
Jenny: They are free to go away any minute
Ann: Or a Disney princess (I am watching sleeping beauty now on TV)
Kelly: 😂😂😂 Yes, so they have the right to leave us and we should be able to see life after them always
Ann: Yes, this is the biggest problem of the ideology of love. The idea that love is life. Love has been equated with life. Especially for women, but not only, also for men. People can't imagine life without it
Kelly: Yes, but we love this dream of life that is love and love that is life
Ann: And this creates dependency, jealousy, frustrations, drama
Ann: It's not even a very beautiful dream to be with someone all your life. The promise of no change. Stability forever. It is what capitalism needs from us - 40 years of mortgage and marriage
Kelly: Ahaha, yes and that somebody will take care of us when we are sick. 
Ann: Love is beautiful, intense, crazy and brief. And it was transformed in a long lasting good, a house. Something like this.
Kelly: But i think, or I suppose that we should be able to love for life potentially. We cannot approach love with a plan
Ann: Yes, sure, but a substantial group of people, not one. But the problem is that love is mostly approached with one plan. Being together, get married, etc
Ann: Or now, under the new regime of supposed sexual freedom, with the opposite plan: nothings lasts and love doesn't matter. But this is substituting an ideology with another, when we should just let it be.
Ann: Simply 😅
Kelly: Yes, I agree
Jenny: and most of all this myth of love as life is a disappointing lie that makes people suffer a lot
Ann: Yes, the dependency that it creates is horrible
Ann: I see it with my friends, it breaks my heart
Kelly: sounds sad
Summary: Kelly is going to Paul tomorrow and doesn't know what to expect. Ann and Jenny share their views on the ideology of love. 
Dialogue: Sean: Where are you? I'm waiting... xoxo
David: I'm on the bus. Hurrying to get to you mister!
Sean: Mmm, the bed is warm...
Summary: David is on the bus to get to Sean. He's awaiting him and the bed is warm.
Dialogue: Tom: What do u mean all hell broke loose?
Ricky: At first, it was windy. Then the waves were getting bigger and bigger. The ship started rocking a little bit, but as the wind and the waves intensified, the ship rocked even harder. 
Shelly: Geez!
Ricky: I even thought that the waves could tumble the ship and we could sink.
Tom: It was a cruise ship, right?
Ricky: I know, not possible, unless ur an Italian captain, but still that's what I thought.
Shelly: Quite a story. Fortunately, nothing happened?
Tom: Nah. The next day was super sunny and extra hot, so sightseeing was a little bit hard but pleasant.
Ricky: Good 4 u!
Tom: How about u, Shelly?
Shelly: What about me?
Ricky: Tell us ur story, ofc.
Summary: Ricky had a hard time on the cruise ship because of bad weather. The next day was good, but sightseeing was hard because of the heat.
Dialogue: Charlotte: you know it was my birtday?
Peter: i know
Charlotte: do you have any gift for me?
Peter: no
Charlotte: why?
Peter: i thought we are not making presents to each other
Charlotte: but you got one from me.
Peter: i told you you didn't have to
Charlotte: and i told you i wanted to
Charlotte: does it mean that you didn't wanted to give me anything?
Peter: it's not like this..
Charlotte: so it's what?
Peter: do we have to talk this way?
Charlotte: which way?
Peter: like having argument
Charlotte: we are not having argument
Charlotte: i'm just curious
Peter: i have forgotten to buy but i will have something
Charlotte: ehhh..
Peter: what?
Charlotte: nothing
Summary: It was Charlotte's birthday. She expected Peter to buy her a present, since she had given one to him. She is not happy. Peter is going to get something for her.
Dialogue: Lora: Hi, this is Lora from the insurance company. I was about to visit your home for inspection.
Mary: hi Lora yeah i was expecting you today. Waiting for you what  you are coming.
Lora: Actually i near by your house can i come now.
Mary: yes please i am  waiting for you. See you.
Lora: thanks maam i am on my way would see you in 10 mins.
Summary: Lora from the insurance company will inspect Mary's house in 10 minutes.
Dialogue: Margo: What time does the band start tonight?
Gerry: It's not tonight, it's tomorrow dufus!
Margo: Oh, crap! I thought it was Saturday!
Gerry: Dumass!
Margo: I'm supposed to be at work in an hour!
Gerry: FAHK!
Margo: Cya!
Summary: Margo thought it was Saturday, but it's Friday and she has to be at work in an hour.
Dialogue: Indy: Hi Georgie
Indy: Just to let you know, Maxwell won't be coming to you tomorrow, he is not well so I'd better keep him home. 
Georgie: no worries! thanks for letting me know, hope he feels better soon.
Indy: Thanks! 
Summary: Maxwell is not coming tomorrow.
Dialogue: Julie: Did they ring you?
Karen: No, what about? 
Julie: Someone rang in sick again .....can you work?
Karen: No I haven't got childcare....
Julie: That's a shame
Karen: I know...who are you going to work with then? 
Julie: No idea.  I expecti it will be someone who hasn't been here before
Karen: Who rang in sick? 
Julie: Maureen
Karen: No idea why she even works there. She's always off sick. Good luck
Julie: Thanks. I'll need it!!!
Summary: Karen can't work because she hasn't got childcare. Julie expects she will work with someone new. Maureen rang in sick again.
Dialogue: Peter: When did you last time see Eric?
Paul: I think about a month ago
Peter: Me too...
Peter: At Brenda's birthday
Paul: That's strange
Paul: He never skipped trainings
Peter: First I thought he was sick 
Peter: I even sent him a message to see if he was ok
Peter: ""I'm fine, mate""
Peter: This is what he wrote
Peter: Nothing more
Paul: Maybe he's having difficult time
Paul: But I have no idea why would that be
Peter: Maybe we should visit him
Peter: He was never really close to me but I'm worried
Summary: Peter and Paul saw Eric last time a month ago at Brenda's birthday. Peter sent him a message, but Eric was laconic.
Dialogue: Monica: <file_photo>
Luc: Wow
Luc: hahaha
Luc: Fair enough tbh
Monica: I thought of you when I saw it
Summary: Monica sent a funny picture to Luc.
Dialogue: Mark: Cracow?
Lucy: No, Warsaw
Lucy: why?
Mark: I will be 2morrow in Cracow and then we're going to the mountains :D
Lucy: which mountains?
Mark: Tatras..
Lucy: really? 
Lucy: bastard, why didn't u tell me before?
Mark: it's a last minute choice.
Mark: but we still have a place in the car:D
Lucy: how long u wanna stay there?
Mark: till Monday
Lucy: hmm....
Lucy: what time are u leaving?
Mark: 2morrow aftrer work, around 5, I guess.
Lucy: so u want to sleep in Cracow?
Mark: probably yes.
Mark: still not sure..
Lucy: how many pple?
Mark: 4 or 5 if u're coming ^^
Lucy: Yes, I'm in! 
Lucy: and we can sleep at my place ;-)
Mark: perfect, thx!
Mark: I'll add you to the group where we discuss the details
Lucy: thx.
Summary: Mark invites Lucy to join him and 3 other people for a trip to Tatra Mountains. The group is going by car on Friday afternoon. They will probably spend Friday night in Cracow and then head off to the mountains. They will come back on Monday.
Dialogue: Meg: you guys wanna hit the gym tonight?
Liz: nooo...
Thom: what time?
Meg: don't know... 8pm?
Thom: too late! 7pm?
Meg: ok. 7pm. come on Liz!
Liz: I’m tired…
Meg: everyone is tired. you’re lazy! :)
Thom: I’m tired too but I’m fat :/
Meg: stop it. you’re perfect.
Liz: someone has a crush on Thom… :)
Meg: silence! you lazy woman! ;p
Thom: I love you too Meg
Meg: I know Thom
Thom: Meg + Fat Thom forever
Liz: ok that’s awkward now…
Summary: Meg and Thom are going to the gym at 7 pm and want Liz to join them.
Dialogue: Ray: shit, I'm so not prepared for this exam!
Ray: <file_gif>
Catherine: oh stop, it will go well
Ray: what if I fail?
Catherine: then you you'll take it one more time
Ray: no, I don't want to go through this again, I need to pass it on Thursday!
Catherine: you're worse than my Grannie, I tell you
Ray: <file_gif>
Summary: Ray is afraid he won't pass the exam on Thursday and he will have go through it again.
Dialogue: Andrea: Have you heard about Mitch?
Rebecca: No, what happened?
Andrea: He broke up with Melanie!
Rebecca: Are you kidding me?
Andrea: No, it's for real! I couldn't believe it! They were supposed to get married next month!
Rebecca: What happened? I don't know, rumor has it Melanie cheated on him!
Summary: Mitch broke up with Melanie just before the wedding because she cheated on him. It's hard for both Andrea and Rebecca to believe it. 
Dialogue: Martha: I feel like drinking banana juice
Sebastian: Are you on your period or what?
Martha: Fuck you! Just buy me a god damn banana juice!
Sebastian: kk
Sebastian: Don't kill me yet
Martha: Shut up and come back without my juice
Summary: Martha wants a banana juice. Sebastian thinks Martha has a period. His remark makes her angrier.
Dialogue: Jack: We're already at the Mongoosh. Where are you Jason?
Jason: On my way. Can you guys order for me too? I'll be there soon.
Andy: Sure what you want?
Jason: Send me the menu.
Andy: <file_photo>
Jason: Chicken Tikka Masala for me please!
Summary: Jack and Andy are at the Mongoosh and Jason will join them soon. Jason wants them to order Chicken Tikka Masala for him.
Dialogue: Darcey: Can you tell I didn't have anything to eat today? I'm so skinny!
Ethan: I wish you wouldn't do that. You're going to pass out!
Darcey: I will not! I have fat to live on.
Ethan: You realize you're just making your body go into starvation? You'll just store more fat.
Darcey: That's not true!
Ethan: It is. I read it.
Darcey: I lost 5 whole pounds last week. So there!
Ethan: It may work temporarily but it isn't safe.
Darcey: I might go Keto. But it sounds gross.
Ethan: Better than starving yourself.
Darcey: Maybe. 
Ethan: I'm not kidding, you're just going to make it worse.
Darcey: I will not!
Ethan: Fine. I hate arguing with you.
Darcey: Coward!
Ethan: I think you look good the way you are. You are not fat!
Darcey: Thanks, but I am fat!
Ethan: You are so frustrating!
Darcey: And fat! LOL!
Ethan: Not fat!
Summary: Darcey is trying to lose weight and he didn't eat anything today. Ethan is concerned about him starving.
Dialogue: Darin: Have you seen Tabitha?
Serena: Nope. Haven't seen her since Tuesday.
Darin: Shoot. Where is she?
Serena: No idea. Sorry.
Darin: I think she may have gone off somewhere alone.
Serena: Not good.
Darin: Definitely not.
Summary: Serena has not seen Tabitha since Tuesday. Tabitha might be travelling somewhere on her own. Darin and Serena think this is bad.
Dialogue: June: And the party?
Chris: As said, insane!
June: Tell me more :)
Chris: Y weren't u there?
June: Sick :(
Chris: Sry to hear that. Well, it started with some light drinking.
June: Yeah, right. U and light drinking.
Chris: Fine! We drank and drank until we got stoned!
June: More like it!
Chris: Than Jake decided it's a good idea to jump off the roof into the pool.
June: Sick!
Chris: I know! But he did it! And everyone was like - that's fun!
June: Don't tell me someone else did it?
Chris: Well, some guys attempted it, but one fell to the floor and 2 actually made it.
June: Yikes! Did u call an ambulance?
Chris: Nah. Someone drove the poor bastard to the hospital.
June: But they must've been drunk!
Chris: Maybe.
Summary: The party was insane. June couldn't attend because he was sick. At the party they drank a lot and got stoned. Some people jumped off the roof into the pool. One person fell to the floor instead and was driven to a hospital.
Dialogue: Karen: hey - 2 questions: do you want to go for fantastic beasts with us, and second - is there any game that Matt dreams of? :D
Tom: 1 - is Matt going too? 2 - Ye I can think of something
Karen: yes he is, I would not invite you for a date lol :D
Tom: Fine then. Whats your budget? Anything goes ?
Karen: pretty much yes, he bought something for himself recently, this red dead redemption or something
Tom: i know, maybe you should get him the new pokemon for his nintendo
Karen: did he talk to you about them?
Tom: he mentioned he is interested, I will try and find out what he thinks
Karen: Awesome!
Summary: Karen, Tom and Matt will go and see ""Fantastic Beasts"" together. Karen wants to get Matt a game. He bought ""Red Dead Redemption"" recently. He mentioned to Tom that he's interested in the new Pokemon game for his Nintendo. Tom will help Karen find out what game Matt wants.
Dialogue: Julian: could you please tell me how much veggies did you use to make soup?
Julian: more or less, i'm trying to lose weight so i i'm keeping a log of everything i eat
Grace: i guess it was something about 340g per portion
Grace: but i'm not sure, sorry
Julian: thanks! :)
Summary: Julian is trying to lose weight so he's writing down what he eats. Grace used about 340g of vegetables per portion. 
Dialogue: Tom: What was your fave seasonal beer?
Tory: The season isn't over yet!
Tom: Just pick one!
Tory: Alright; the Draycott stout, whatever that was.
Tom: The Christmas one?
Tory: Yes, that one.
Tom: Okay. I'm being asked for research purposes!
Tory: I bet...
Summary: Tory's favorite bear is Draycott stout, Christmas edition.
Dialogue: Alice: How is Christmas going?
Coleman: I can barely move, I've eaten too much I believe
Eli: hahah, I had a proper Italian Christmas with my family
Alice: which is?
Eli: Like eating till you die
Alice: hahaha, I think this is an international procedure
Eli: and 7000 family members
Alice: hahaha, I'm luckily in a much smaller company
Alice: but it's already quite tiring
Alice: some family disputes
Coleman: I love it here, I am doing nothing, eating more than I should, enjoying family members I haven't seen for a long time
Coleman: I don't even want to think about all the chores awaiting me after Christmas
Eli: I quite like it too :)
Eli: this cute warm Christmas atmosphere 
Alice: I don't really get it, but whatever hahahah
Summary: Coleman and Eli are enjoying their Christmas, Alice is not sure. 
Dialogue: Kasia: We're in the group with the people from Connecticut?
Kim: seems so
Miles: oh no, they are so stupid
Kasia: I know
Summary: Kasia, Kim and Miles are in a group with the people from Connecticut.
Dialogue: Frederick: Hmm... What do you think about Brexit?
Harry: I think it was not necessary 
Henry: Yep
Henry: you knew that the guy which came up with the idea of Brexit resigned from his position?
Frederick: seriously? I didn't know that
Harry: yea, me too
Henry: and what will happen with all the people who are living there for not so long and they are foreigners
Frederick: It is a good question
Harry: I have heard that people who stayed there for like 5 years or so will not have problems with staying in GB
Henry: i've also heard that
Henry: and what will happen with those who had been living there for a shorter period of time?
Frederick: I think that they must on Teresa's mercy
Harry: hah, I think there will be no mercy for them
Henry: I also think the same way, they will be deported and their journey in GB will end
Summary: Harry thinks Brexit was not necessary. The guy who came up with this idea resigned from his position. People who have stayed in GB for more than 5 years will be able to stay. The fate of those with less than 5 years is uncertain. Harry and Henry think they will be deported.
Dialogue: David: Hey Alex, do you still teach English?
Alex: Hi!!! Long time no hear :) Yeah, I do, what's up?
David: Look, my boss is looking for someone who could teach him, so I thought about you.
Alex: Sure thing! What level is he at now?
David: Hm... Hard to tell, haven't asked ;) I think he just wants to be fluent, so he probably needs some to have conversations with.
Alex: No problem, the thing is I only have Mondays and Wednesdays off...
David: oh my, that's perfect! He's quite a busy guy, but he said Wednesday sounds fine.
Alex: Great then! Thanks for this! :)
David: Hahaha, no problem! So, can I text him your number?
Alex: Of course :)
David: He'll call you in the evening, we're still in the office. He's quite tech-savvy so he can also text you on what's app :D
Alex: Hahaha, great! How are you by the way? I owe you a coffee for this!
David: Shut up, you owe me nothing, but I would happily go out, we have so much catching up
Alex: Yeah, especially that job of yours! Sounds quite cool, huh?!
David: Can't complain ;) Is Saturday all right?
Alex: Sure thing, let me find a place and will let you know asap :)
Summary: David asks Alex if he could teach his boss english. Alex agrees. David and Alex will meet on Saturday.
Dialogue: Jane: this has honestly been the worst breakup i've ever had :-(
Jane: thanks for theing there for me <3 
Stephanie: that's what friends are for
Stephanie: you should come out with me tonight for a ocuple of dirinks?
Stephanie: it'll be fun and maybe you'll meet a cute guy
Jane: lol i'm not sure i'm ready for that
Jane: but thanks for taking care of me
Jane: i appreciate i t a lot xoxo
Summary: It was the worst breakup for Jane. Stephanie wants to take Jane for drinks. Jane is not sure she is ready for that. Jane appreciates Stephanie's care.
Dialogue: Brit: there's a sale at sephora 
Brit: you're eyeliner is 50% off
Jessica: OMG 
Jessica: thanks I have to stock up :P 
Brit: no problem
Summary: There is a sale at Sephora and Jessica will use this occasion.
Dialogue: Kate: hey, sorry for writing only now. 
Kate: I've been so busy coz my mom had an important surgery.
Kate: you're back in Warsaw?  
Kate: Looks like I'm gonna spend here the whole month!:D
Greg: No worries, is she ok?
Greg: I'm 50/50 in Warsaw and Krakow these daysB-D.
Greg: Lets meet up ;-)
Kate: Sure! 2morrow, 7.30 at Steamland?
Greg: Sounds like a plan!XD
Kate: Cya there!
Summary: Kate hasn't called as she was busy and her mom had a surgery. She will be in Warsaw for one month. Greg spends half of his time in Warsaw and the other half in Krakow. They will meet tomorrow, at 7.30 at Steamland.
Dialogue: Marilyn: we can meet at my place to do this project
Marilyn: my roommates are going away for the weekend
April: seems okay with me
Jack: i agree but we have to order some pizza, i am not doing this hungry
April: hahaha Jack you are always hungry :D
April: but that's actually a cool idea
Pauline: mmm ye i guess but to be honest i have never been to your place haha
Pauline: where do you live? :D
Marilyn: just across the street from April
Marilyn: i guess you know where she lives?
Pauline: yeah i do :D then it's really close, cool!
Jack: it's not that i am always hungry, pizza is just my motivator haha
Summary: Marilyn, April, Jack and Pauline will meet at Marylin's place to work on a project. They are going to order pizza. Marilyn lives across the street from April.
Dialogue: Filip: Hello
Alienor: Hello Filip
Filip: I have question
Filip: How seriously it would be improper if I would ask you to translate something for me from English to French
Filip: I do not have it with me now but will have it in couple hours
Filip: It is manual written by my father for device he is manufacturing
Alienor: Is it a long text?
Filip: Problem we are facing is that customer from Africa claims to speak English but they seem not to understand it. Their main language is French
Filip: Do not think so.
Alienor: If it is not too long I am happy to translate it
Filip: <file_other>chtm15ken.pdf
Filip: That is one of them and only couple sections B, c, d, f
Filip: And there is second one but have it on pc
Filip: Let me know if that is not too much to ask
Filip: <file_other> gl2m-man.pdf
Filip: That is second one but I will say more later. Please do not translate straight away
Alienor: <file_other> section B
Filip: You are Starr, I did not expect you to do anything right away
Alienor: <file_other> section_D, <file_other> section F
Alienor: I had to modify it to make it more French so it is not 100% following your text, but it means the same.
Alienor: I made it using Google Translate + correcting and adapting it so it is more French :D
Alienor: hope it is ok
Alienor: I usually do it that way so it is quicker and easier
Filip: Can I approach you in the evening about other one?
Alienor: no problem
Alienor: might only do it tomorrow though
Filip: Ok
Filip: Hello. I was cough with work yesterday and today working till late night. I did not forget about you. Just need to find some spear time 😊
Alienor: no problem
Summary: Filip wants that Alienor translates for him a manual of a device manufactured by his father from English to French. Alienor translates the fragments of the manual and sends them back to Filip. He will approach her later for some more translation.
Dialogue: Steve: Babe, could I pick you up at 1 instead of 2?
Jane: Sure, why not.
Steve: Perfect.
Jane: How come you can leave early?
Steve: Everyone has gone home, so I'm just finishing up and I can leave as well.
Jane: Lucky! Any thoughts on what we're doing tonight?
Steve: Don't really feel like doing anything, wanna just hang at home?
Jane: I thought maybe we could invite Freddie and Lucy over?
Steve: Again? Lucy is so high maintenance I don't know if I can deal with her tonight.
Jane: C'mon, give her a break, she'll be with Freddie so you won't have to entertain that much xD
Steve: OK, if you want to see them that much, but you owe me!
Jane: Sure, what do you want?
Steve: Will think of something... ;)
Summary: Steve will pick Jane up at 1 to hang at home. Jane wants to invite Freddie and Lucy over. Steve agrees.
Dialogue: Emily: Viiic lsiten
Emily: Eric invited me to go skiing with him!
Victoria: hi Em, great news! 🙂
Emily: ikr?
Emily: but listen, he invited me for the WHOLE WEEK
Victoria: that's huge, are you going?
Emily: I've heard he invited his best friend with his girlfriend
Emily: So it's gonna be his friend plus one, and Eric plus ME 😉
Victoria: omg when is the wedding
Emily: stahp
Emily: i'm very excited tho
Victoria: I understand, now, are you sleeping together in one room?
Emily: he told me he booked one room with four single beds.
Victoria: and what is this place?
Emily: some place close to Karpaty, he goes there every year with his family
Victoria: sounds legit
Emily: you're not very excited
Victoria: im just worried about you, but i guess you'll be fine
Emily: don't act like my mum lol
Victoria: ok, you got my blessing haha
Victoria: keep me posted 😉
Emily: I will! 
Summary: Eric invited Emily to go skiing with him for the whole week. Eric also invited his friend with his girlfriend. Eric booked one room with four single beds. It is a place near Karpaty, where Eric goes with his family every year. 
Dialogue: Isabella: I bought us train tickets on Sunday :)
Liam: How much do I owe you?
Isabella: Nothing, you paid for our concert tickets. :) :*
Summary: Isabella bought train tickets for Sunday. Liam paid for the concert tickets.
Dialogue: Ian: On way back see you in 20
Alice: Cool
Ian: Just noticed your house keys are in the car so don't lock yourself out
Alice: (y)
Ian: ok, on way now, got held up
Alice: K. All good?
Ian: yep stopping for fuel first
Alice: (tu)
Summary: Ian will come to the house soon, but he is stopping for fuel first. Alice has left her house keys in the car.
Dialogue: Julia: They just told me I can’t return them ;/
Monica: What?! Why?
Julia: Apparently they don’t accept returns
Kate: But did you have a receipt?
Julia: Of course I did, I showed them everything. I didn’t use them even once
Monica: I know! Is this even legal?
Julia: Apparently it is, there was an information at the cashier’s desk…
Kate: oh come on, no one reads this stuff. Aren’t they obligated to inform you about this?
Monica: I’m pretty sure they are, but now there’s no way she can prove they didn’t
Julia: Exactly…
Julia: So basically I have a pair of shoes to sell. Any takers?
Monica: Send a photo, I’ll send it around
Julia: <file_photo>
Kate: They’re really nice, you sure you don’t want them?
Julia: Well, they don’t fit so yeah, unfortunately
Monica: Pity, what size?
Julia: 6.5
Summary: Julia can't return her new shoes. Monica will send around a photo of the shoes to look for a buyer.
Dialogue: Joona: Hi, have you arrived to Stockholm?
Jenny: not yet, we decided to stay a few days in Mariehamn
Tim: Aland Islands are really beautiful, you should come here
Joona: nice! enjoy!
Summary: Jenny haven't arrived to Stockholm yet. They decided to stay for a few days in Mariehamn. Tom suggests Aland Islands.
Dialogue: Diana: hello
Max: hi
Diana: i have some crazy idea
Max: again? :P
Diana: ha ha ha.
Diana: not funny
Max: oh come on
Diana: never mind
Diana: will you go with me to my parents?
Max: what?
Diana: i just want you to meet them
Max: i think its too early
Max: we know each other for two weeks
Summary: Diana wants Max to meet her parents. He thinks it's too early.
Dialogue: Ana: Hey!! We didn't see each other yesterday :(
Ana: I was feeling really ill, so I couldn't come... but can you tell me what I missed?
Lewis: not much really... I mean, just some organisational info, I can send you the info later.
Ana: ok thanks :)
Summary: Ana didn't come yesterday because she was sick. But she only missed organisational information.
",[Judy is staying for the weekend. Derek asks Judy to feed his animals on Friday and Saturday. Judy agrees. Derek will give her his keys on Thursday and provide Judy with details.],6733,samsum,en,,69353f9250a942cd899f379c999e0661f1d480c18c5d93be,74,1,28927.73048095,Derek asked Judy to feed his animals on Friday and Saturday. Judy agreed and Derek will give her his keys on Thursday.,1.1618719620018965,1.7861348890000954,43.25100663887077
"Dialogue: Ben: Where are you?
Emma: at the rare of the bus
Ben: why?
Emma: there are some free seats here
Emma: so I can have a nap even
Ben: good idea
Emma: when are we going to arrive to NY?
Ben: around 4.30 PM
Emma: if traffic is not crazy
Ben: right, we will see
Emma: could you come here and wake me up around 4.15?
Ben: sure
Emma: thanks!
Ben: sleep well
Emma: I'll try
Summary: ","Dialogue: Naina: So, what is today's schedule?
Secretary: You have an appointment with the Vice President of Narnia Industries at 11am following which is the lunch party of Amber Group. Mr. Jain has an appointment with you to discuss about a case at 4pm and the dental appointment at 6pm.
Naina: Ok, good. You may go.
Secretary: Thankyou mam.
Summary: Naina wants to find out about today's schedule from her Secretary. Naina has an appointment with the Vice President of Narnia Industries at 11 am. Then she is having lunch party of Amber Group. Naina is seeing Mr. Jain at 4 pm and has the dental appointment at 6 pm.
Dialogue: Nicole: Dinner's ready, where are you?
Matt: Sorry, got delayed.
Matt: I'm coming, though.
Nicole: OK, drive safe!
Summary: Matt is driving over for dinner with Nicole but he will be late.
Dialogue: Cyril: Hi Stevie, i left my keys to Mattie. Could you bring them me back next time we meet?
Steve: of course. Thanks a lot for Mattie. Very nice of you to leave her your flat.
Cyril: she's such a nice girl. It's a pleasure.
Steve: I have a meeting at the HQ next month. Are you invited too?
Cyril: Yes. All directors from the retail branch are invited.
Steve: good, so i'll give your keys back.
Cyril: don't worry, there is no hurry. I've got mine.
Steve: still, you may need them again .
Summary: Cyril left the keys to his flat for Mattie. Steve will bring them back next time they meet. Both Steve and Cyril will attend the meeting at the HQ next month, with all the directors from the retail branch.
Dialogue: Andrew: Hey Dwayne, I'm painting my room this weekend. Wanna help?
Dwayne: Errr… would there be beer involved?
Andrew: I suppose I could get a couple of suds.
Dwayne: Ok, what time you wanna start?
Andrew: After lunch, 12:30?
Dwayne: Why don't we go somewhere for lunch together. Have you got the paints yet?
Andrew: I have the colour picked out, but I have to buy them in the morning.
Dwayne: So I'll go with you, and then grab a bite to eat and start.
Andrew: Ok, sounds good.
Dwayne: What's the colour?
Andrew: Black
Dwayne: What??
Andrew: Just kidding! Kind of like an olive green.
Dwayne: OK. Do you want me to bring something?
Andrew: No, I'm picking up the paints, rollers and brushes in the morning.
Dwayne: I could bring mine.
Andrew: No, don't worry about it. Just be here at 9 on Sat.
Dwayne: Ok, bye.
Summary: Dwayne will help Andrew with painting his room on Saturday. Andrew is going to buy the olive green paints, rollers and brushes in the morning.
Dialogue: Ava: Billy dear! I'm such a scatterbrain. Could you please check if I've emptied the deep freeze.
Billy: D'you mean the deep freeze in the basement?
Ava: No. The compartment in the fridge. In the kitchen. I've put it on defrost but can't remember if I'd taken everything out.
Billy: Just a mo.
Billy: There's one pizza in it. Still frozen.
Ava: Just have it. I'm sure it's in perfect condition. Thank you so much!
Billy: Ta! A Sunday treat for me then :)) Where are you?
Ava: At the airport. And of course out flight is delayed. By now only 20 mins :(
Billy: Be happy that it's not cancelled.
Ava: Still open to this development. George is already grumpy like an old woman.
Billy: No worries. He'll perk up after the first drink on board.
Ava: If we ever get there! ""Your delay is 40 minutes"". I hate it!
Billy: Look, I have saved your fridge and my pizza. Sooner or later you'll be there. Cheer up! 
Ava: You are right. I'd better go and have a drink with my beloved husband NOW.
Billy: Have a short wait and a good flight!
Ava: Ta!
Summary: Billy checked the deep freeze on Ava's request, and found pizza in it. Ava told him to have it. Ava and George's flight is delayed for 40 minutes and it makes them angry. Therefore, Ava and George are going to have a drink.
Dialogue: Ella: I just bought new shoes
Mathew: Great. Guess dat's why you were not replying. Been texting you for past 2 hours
Ella: Yeah I just reached home
Ella: Want to see the shoes? :P 
Mathew: Ok if you say so.
Ella: Ok come over my place ;)
Mathew: Nah. I am a bit bound at this time. You can send the pics
Ella: Sure sending in a while
Ella: <file-photo> <file_photo> 
Mathew: Wohh cool. From where did you buy these? My sisters been asking me buy her the same
Ella: I bought these from Main market
Mathew: Which shop exactly?
Ella: One thats has opened recently giving 30% discount as well
Mathew: Great I will try to purchase them ASAP. my sister wont leave me alive otherwise :/
Ella: You need to go fast. There was already too rush. They may run out
Mathew: Leaving home in 10 minutes :0
Ella: Haha. Bring Ear rings for me from the same shop. I forgot to buy those
Mathew: Ok I will :/
Ella:  Thank you :P 
Summary: Ella has just reached home with new shoes bought at Main market at a newly opened shop that gave her 30% discount. Mathew wants to buy ones to his sister, too, so he's leaving home in ten minutes.
Dialogue: Nettie: did ya take my headphones???
Troy: ok, sis, cool down, yes
Nettie: how many times did I tell ya not to??!!!!!
Troy: i know, but I have this new epic game, the music is awesome
Nettie: if u have enough cash to buy a new stupid game, then buy headphones first!
Troy: yaaas but I couldnt wait
Nettie: i want them back NOWWWW
Troy: listen, I forgot to take them back to your room, my classes last till 5 and my room is closed
Nettie: what a fucking idiot!!!!!! i don’t give a fuck, go back home, now!!!!
Troy: i cant, parents will kill me
Nettie: ok so ill kill you instead
Troy: yeaaa what will you do
Nettie: ill tell them, they told you not to take my stuff a too
Troy: whatever, I cant miss my classes
Nettie: stupid moron -_-
Summary: Troy took Nettie's headphones without asking and Nettie wants him to give them back right now.
Dialogue: Lydia: Hi 😊
Lydia: Wanna dye my hair grey 😀
Martha: Hi Lyd 😊
Martha: Yes, go for it
Martha: Yolo
Lydia: You didn't just say that lol
Martha: For real, do it 😊
Lydia: I will 😊
Summary: Lydia informs Martha that she wants to dye her hair grey. Martha fully endorses the idea.
Dialogue: Daniel: Privet, Sergey Mikhailovich!
Sergey: Hi, Daniel!
Daniel: How's the whole party thing going?
Sergey: Everything's fine, I'd say, a lot of people are already here and more are coming
Daniel: Ok, I should be there within an hour and a half
Sergey: Ok, don't worry
Daniel: Is Pamela there already?
Sergey: Yes :P
Daniel: Ok, see you later
Sergey: See you!
Summary: Daniel's going to Sergey's party, he'll be there in an hour and a half. Pamela's already there.
Dialogue: Ron: The grades from Micro are online, I passed :D
Harry: Me too, 3.5 haha
Ron: 4 here ;)
Harry: Your group was easier ;)
Heather: I got 4.5, but both groups were quite easy :p
Summary: Ron, Harry and Heather passed Micro.
Dialogue: Dan: WHO HAS DORA'S PRESENT???
Simon: Sophie has it, what's all the fuss?
Sophie: Yeah, I have it man, relax.
Dan: I had a micro-heart-attack there. We didn't decide on who's gonna take.
Sophie: I think about stuff like this, don't worry ;)
Dan: phew
Summary: Dan doesn't know who has Dora's present. Sophie has it.
Dialogue: Casper: i have just finished the last episode of ""Dexter"" and I am soooo disappointed :/
Anita: see, I told you that your are gonna hate it
Casper: i mean, how could they? It was such a good show...
Anita: but the ending was shit
Casper: totally ye, i am so angry right now...
Anita: hahahaha, i feel you, been there already
Casper: i need a drink or something hahaha
Anita: or maybe a new show to heal the wounds? xD
Casper: you've got my interest... what would you recommend?
Anita: you should watch ""Peaky Blinders"" - that's the best one I've seen this year
Casper: with the english gangsters and everything?
Anita: that one! it is purely AWESOME!
Summary: Neither Anita nor Casper liked the ending of Dexter. Anita recommends Peaky Blinders.
Dialogue: Michael: <file_photo>
Michael: whose are they?
Grace: no 19 is Ethan
Logan: 21 is Ray
Logan: 22 is me
Jose: guess 31 is Josh
Josh: yeah 31 is me
Michael: Grace you got 100%
Michael: <file_gif>
Mel: our honour is saved
Grace: whaaaaaaa
Grace: there must be sth wrong with the key 
Michael: well, there’s hope… haven’t checked the key itself :D
Michael: ok results, basic level
Michael: Josh -2
Michael: Logan -5
Michael: Mel -1
Michael: Ray -8
Michael: Ethan -2
Michael: Jose -12
Michael: Patricia -3 and you wrote in blue (!)
Mel: so what is it? Lost points?
Michael: yes. With each point you lost 2%
Mel: oh, ok, I see. 
Patricia: what’s wrong with blue?
Michael: can’t use blue in the proper exam… 
Patricia: oh. right :D
Michael:  ;)
Summary: Josh, Logan, Mel, Ray, Ethan, Jose and Patricia got their test results from Michael.
Dialogue: Ashley: Fuck you!
Josh: What did I do?
Ashley: You know what you did!
Josh: No, srsly!
Ashley: Anna told me!
Josh: Told you what?
Ashley: Stop playing dumb! Admit it!
Josh: But what?
Ashley: You cheated on me!
Josh: No! Never!
Ashley: Stop lying!
Josh: I'm not. What did she tell you?
Ashley: You slept with Payton!
Josh: I didn't! I swear! 
Ashley: You can't even admit it!
Josh: Listen, I didn't do anything. We had a coffee and that's it.
Ashley: I don't believe you! It's over!
Josh: No! Please! Let's talk about it!
Summary: Ashley has broken up with Josh on suspicion that he cheated on her with Payton. Josh is in denial.
Dialogue: Craig: thanks to those FOUR of you who did send essays
Jonathan: <file_gif>
Carrie: well.. I guess you could have expected that….
Craig: …
Mark: i was planning on sending all of them at one go next week
Craig: yeah right. send them then next week.
Carrie: <file_gif>
Craig: <file_gif>
Summary: Mark will send his essays next week.
Dialogue: Emma: Guys, do you all reside in Cambridge?
Rebecca: I think we are officially obliged to, but some people don't obey strictly
Jack: honestly, it's too expensive to be there, I have no reason for that when I don't have classes
Leland: we moved out with Mary some time ago and even my dean is aware of it
Emma: where do you live now Leland?
Leland: Norwich
Emma: how nice!
Leland: yes, it's a very nice, green and relaxed area
Leland: actually I feel much better here than in Cambridge
Emma: How long does it take to get to the uni?
Leland: 1h20min by car
Emma: and by train?
Leland: similarly, no big differences
Leland: but I usually work on train, so it's fine
Emma: sounds good indeed
Summary: Leland and Mary reside in Norwich, even though they are obliged to live in Cambridge. It takes them around 1h 20min to get to the university.
Dialogue: William: what u think of stranger things?
Rutherford: what stranger things?
William: what what?
Rutherford: what kinda stranger things bill 
Dunstan: its a netflix series
William: yeah i know what u think of it
Rutherford: nottin. dont know whatsits
Dunstan: so we gathered
Morley: i liked it. sci-fi but not GoT way more xfiles more twin peaks
William: oh cool i enjoyed twin peaks years ago
Morley: worth wathing dfntly
Dunstan: i watched like two epsidoes and couldnt really get to grips
William: with str things?
Dunstan: havent seen that. with twin peaks
Morley: i means they are very different but also some similarities so worth watching at least try
Summary: Rutherford and Dunstan didn't watch Stranger Things. Morley liked the show.
Dialogue: Josh: Yo what are you up to? 
Kaleigh: I am packing! Going to Calgary for Thanksgiving tonight
Josh: Nice! Wanna get some food at DQ rn? I gotta give you back your notes from MATH110
Kaleigh: O yeah I almost forgot. I'm down.
Josh: So I will meet you soon at DQ!
Kaleigh: Sure! I am at Shoppers drug mart but I will be right at DQ soon. 
Summary: Kaleigh will go to Calgary for Thanksgiving. He will meet Josh at DQ soon to pick up his MATH110 notes. 
Dialogue: Brook: Hello, It is an American company that's been on the market for 30 years. From 24 on the stock exchange, 3rd on the cosmetics market. 75 scientists work for the company. It was the first to market hyaluronic acid and as the only ethocne that improves skin elasticity. We have patented formulas and devices with galvanic currents. These decisions created many possibility, thanks to which we were able to form our beauty empire with pleasure. I'll explain everything to you and help you, if you're interested.
Erica: Hi, currently I am interested, but I still have a lot of questions... does this job entail me to promote certain products of this company on for example fb marketplace?
Brook: You promote products on your group or via fb messenger - but we don't promote our products through other selling groups on Facebook
Erica: Oki, so that's a no on fb selling product groups - does that include Facebook marketplace? (because that's general fb and everyone promotes their products there)...
Brook: No, on those fb groups, you can't create a secret group on Facebook (and it's on such a group that you'll sell items)
Erica: Sorry, could you explain that again?
Brook: You create a private/secret group in Facebook and on there you'll promote company products
Brook: <file_photo>
Brook: <file_photo>
Brook: Here i an example of a post of what you would write
Erica: I see... Thank you, however I think I'll have to turn down this job offer. Thank you for you time and have a nice day!
Brook: Let me know if you change your mind. Have a nice day!
Erica: I will. Thanks again!
Summary: Brook works for American company, present on the market for 30 years, 24 on stock exchange, 3rd position on the market with 75 scientists working. They patented formulas and devices with galvanic currents and marketed hyaluronic acid as first. Erica turns down the job offer presented by Brook.
Dialogue: Bridger: How would you describe yourself self in these kind of stuff
Bridger: Are you a romantic girl?
Geraldine: I am
Geraldine: But everything depends on my mood ;)
Bridger: I like to think I can read those moods when I see it and actually influence it
Geraldine: 😏
Bridger: Oh my days ... 🤒
Geraldine: Huh?
Bridger: I got a lil temperature
Geraldine: Lol
Bridger: From watching the girl's leg back there
Bridger: But you look cute 😉
Geraldine: Yeah that was my aim taking that photo
Geraldine: Lol
Bridger: Haha you just happened to be there
Geraldine: Yep
Summary: Geraldine took a selfie with a girl's leg in the background to show it to Bridger. 
Dialogue: Karen: Hello everyone, thanks a lot for your payments
Karen: We are still missing 3 transfers, please let me know if you can make it this week
Joan: Karen is this also for the Xmas gifts?
Lenny: we need to put extra money for Xmas right?
Karen: No no, you don't have to pay anything more this year
Karen: This is basically for Xmas and I think we could get some gift for the teacher?
Karen: If you don't mind?
Lenny: no, of course not
Helen: hi! sure, let's buy her something :)
Karen: Great :) Waiting for your ideas then :)
Joan: what did she get last year?
Lenny: that set of espresso cups??
Joan: I think that was 2yrs ago...
Lenny: ok what's the budget for that?
Karen: Let's decide what to buy for the kids first, ok?
Karen: And then we'll see how we're doing
Joan: Ok
Lenny: good idea
Helen: Are we buying the same thing for everyone? I mean girls&boys
Lenny: how about a small lego set?
Lenny: <file_photo>
Lenny: <file_photo>
Lenny: these are just examples obviously
Joan: I love legos hahaha
Lenny: me too :)
Helen: lego is always a good idea haha
Summary: Karen is still missing 3 transfers from people for Xmas gifts for children and the teacher. They're thinking about getting the kids a small Lego set each.
Dialogue: Connor: Hey, we just took down our Xmas tree.
Connor: Do they pick them up on Thursday?
Charlie: Hey, yeah they do.
Charlie: But why not replant it?
Connor: Replant it? Is that even possible?
Charlie: Yeah, we've been doing it for 3 yrs now.
Charlie: We replanted the first two in our backyard.
Charlie: And this year we called a tree planting company to pick it up.
Connor: Wow, that's a great initiative!
Charlie: Yeah, they replant them back in the forest.
Charlie: Here's the link to their website.
Charlie: <file_other>
Connor: Thanks, I'll contact them tomorrow.
Connor: Karen is going to be amazed.
Connor: She's all into pro-environment stuff, you know compost and so on.
Charlie: Yeah, so is Michelle.
Charlie: She's the one that found this green alternative.
Connor: Thanks!
Summary: Connor will contact the replanting company to pick up his Christmas tree and replant it in the forest. Charlie has sent him the link. 
Dialogue: Stephen: what would you like to do after we graduate?
Anne: i'd love to teach <3
Anne: definitely teach!
Anne: i've always wanted to be a teachaer?
Anne: you?
Stephen: i don't know, everyone seems to know what they want to do but me
Stephen: i wanted to go into business for a while, but now it seems boring
Stephen: then i thought of law school, but i'm not sure i'm cut out for that
Anne: have you thought about grad school?
Anne: maybe you can pursue something new :-D
Stephen: i've thought about it
Stephen: i've considered getting a phd in philosophy
Stephen: and then when i graduate i'll teach like you!!!
Anne: if that's what you want, go for it :-D
Summary: After graduating, Anne would like to be a teacher. Stephen still doesn't know what he'd like to do. 
Dialogue: Abigail: Hey guys
Abigail: Don, this is Brian. Brian, this is Don :D
Donald: hi
Brian: oh hey;)
Abigail: I created this chat so you can talk without me having to be a go-between;D
Abigail: I can’t understand what I’m pasting anyway xD
Donald: ok
Brian: ok thanks
Donald: well I guess I know more or less everything;)
Brian: ok if you have any more questions write here:) 
Donald: ok 
Donald: oh I know. One more thing. What bits did you use?
Abigail: ok I’ll leave you to it, boys :D
Summary: Abigail created a chat, so Brian and Donald can communicate with each other without involving her in the conversation.
Dialogue: Faby: good morning gorgeous! how are you?
Amal: hey girl! I am fine and you?
Faby: good 👌🏿
Faby: I am organizing a workshop as the ambassador of Younique, an american brand of cosmetics and I am inviting all my friends to join me and have a great time while discovering their products 😍
Amal: I have heard of this brand before, I tried their mascara but it wasn't that great ☹️
Faby: Oh, I am sorry to hear that! the brand has made a make over of their products and generally people are satisfied. When did you use it?
Amal: well, 5 years ago.
Faby: ok, a long time then 😃 just come and you may be surprised, you might like the new products.
Amal: sincerely I am not interested into buying more products, and not this brands.
Faby: for me it is not just for selling, it is more to spend quality time with my girls and pamper ourselves with the products
Faby: there is no obligation of buying! 
Amal: humm ... putting it that way... well maybe I will give it a try, just because it is you 😉
Faby: awww thanks love 💜💜💜
Amal: so, when is it then?
Faby: Saturaday @ 4 p.m, does that work for you?
Amal: yup, I have nothing planned already! 
Amal: count on me.
Summary: Amal is coming to Faby's place on Saturday at 4 pm for a cosmetics workshop.
Dialogue: Elvis: I’m not doing it
Kire: Pleeaseeeee
Elvis: I will not host your friend for two weeks because she wants to see London!!
Kire: Cmon brother, I already promised her
Elvis: That’s your problem, shouldve asked me first
Kire: She’ll be so sad!!!
Summary: Elvis will not host Kire's friend for two weeks in London, even though Kire has promised her already.
Dialogue: Nicole: Hi. It’s Nicole. I was wondering if you were available on Friday night?
Poppy: I am. Do you want me to babysit Toby?
Nicole: I do. 8 till 11-12. 
Poppy: Sure. 
Nicole: Brilliant! See you on Fri hon!
Poppy: Can’t wait to see Toby! I haven’t seen him for a while ;)
Summary: Poppy will babysit Toby on Friday night from 8 till 11-12.
Dialogue: George: Are you at home?
Martin: No
Paula: Not yet...
George: I forgot my key. I will wait at Amy's. 
Summary: George will wait for Martin and Paula at Amy's.
",[Emma is about to take a nap in the back of the bus to New York. Ben and Emma will be there around 4.30 pm. Ben will wake Emma up 15 minutes prior to their arrival.],3741,samsum,en,,e27d681e57e3119e47840d60fe4747f472280e4cfa974fe3,190,1,28929.53585209,"Ben and Emma are on a bus to New York. Emma is taking a nap in a free seat at the rear of the bus. They are expected to arrive around 4:30 PM, but this is subject to traffic. Ben will wake Emma up at 4:15 PM.",0.44709252699976787,1.3566982189986447,65.96264791191972
"Dialogue: Lilly: sorry, I'm gonna be late
Lilly: don't wait for me and order the food
Gabriel: no problem, shall we also order something for you?
Gabriel: so that you get it as soon as you get to us?
Lilly: good idea!
Lilly: pasta with salmon and basil is always very tasty there
Summary: ","Dialogue: Olivia: Where's Dave?
Jerry: He had to go to a funeral today
Samantha: Oh
Olivia: :(
Samantha: Was it some close relative of his?
Jerry: As far as I know it was his aunt's brother
Olivia: Ok
Samantha: Ok
Jerry: He didn't even know him too much but still had to go to the funeral
Olivia: Ok, got it
Summary: Dave is absent, because he had to go to his aunt's brother funeral today.
Dialogue: Mark: ok, guys! good news!
Hadley: I assume the panel proposal was accepted 
Anita: tell us!
Mark: Yes, we only have to find the forth person to make the panel idea perfect
Anita: Perfectly somebody focusing on Poland
Mark: Exactly, we have Hungary and Czechoslovakia covered
Hadley: Another option is Romania? I'd know somebody who could do it.
Mark: Poland would be better, but let's wait. If nobody can be found, we can try with Romania or Yugoslavia.
Anita: I agree!
Summary: The panel proposal was accepted. They have Hungary and Czechoslovakia covered but still need someone focusing on Poland. If they don't find anyone, they will try with Romania or Yugoslavia.
Dialogue: Sergio: Are you still looking for a flat?
Jessica: Yep, why? Have you got sth?
Sergio: I might, my friends is letting out his studio. Should I ask him for details?
Jessica: Of course! What district?
Sergio: Not far from the city center, I guess. I'll ask for more info
Jessica: Great, thank you, Sergio! I'm beginning to panic that I won't find anything....
Sergio: Don't worry, you can always crash at our place for a while.
Jessica: You're the best!! <3
Summary: Jessica is looking for a flat while Sergio's friend is letting out his apartment. Sergio will ask for more info, and lets her know that she can always live with him for a bit.
Dialogue: Tom: Did we register after all?
Paul: Lol, I think we did.
Paul: we were soooo fucked I can barely remember
Tom: God, I hate this :D
Tom: Never again...
Paul: yeeeeah, right :)
Tom: what are we going to do about it?
Tom: can we get our money back?
Paul: I don't think so...
Tom: There's no way I'm gonna run a fucking marathon!!
Paul: LOL, it's hardcore, I'll admit
Paul: But we were fairly confident when we registered...
Tom: Maybe we should get drunk before the start so we would be as confident then? :D
Paul: <file_gif>
Summary: Tom and Paul registered for a marathon, but they don't want to participate in it anymore. 
Dialogue: Emily: Hi, Giorgio! Are you ok?
Giorgio: Ciao Emily! I'm fine. What's going on?
Emily: I'd like to ask you something... maybe a little unusual.
Giorgio: Oh God! No, Emily, I'm not gay. :D
Emily: Haha, no, it has to do with Daniele, Marco and their friends. They keep saying that going to the movies on a Saturday night is a thing for old and boring people. I love watching movies but it seems like all the Italian people I know here in Turin just want to go to clubs or get drunk or both, you know...
Giorgio: Yes, I know, but those guys are, well, I don't want to offend them so I'll just say they don't have a huge intellectual landscape.
Emily: You know, sometimes I miss my friends back in England. :P
Giorgio: I know, but if you want you can come to the Cinema Massimo with Martina, Francesco and me next Saturday. They will be playing the new Sorrentino film. Are you interested?
Emily: Of course I am! Thank you. :)
Giorgio: Obviously no grudge against Daniele and Marco, they are fine guys. ;)
Emily: Obviously. ;)
Summary: Emily is upset. She can't find a company for movies in Turin, because her peers think it's suitable for old people. Giorgio invites her to the cinema with Martina and Francesco next Saturday. 
Dialogue: Martha: Have your cats done any damage to your house?
Natalie: Well...
Natalie: They scratched our chairs so much the material looks devastated :(
Natalie: And the love biting cables
Natalie: They managed to bite through my MacBook charger, and my boyfriend's phone charger twice.
Martha: Haha. I haven't heard about cats eating cables.
Natalie: Well. You have now :)
Natalie: But since my boyfriend crafted them a big scratching pole, they stopped scratching chairs which is nice.
Martha: Good!
Summary: Natalie's cats have scratched the chairs in her house and bitten through phone and MacBook chargers. Her boyfriend crafted them a scratching pole to prevent them from damaging things in the house.
Dialogue: Todd: Please wake up and talk to me? Just for 5 minutes ?
Cheyanne: I'm sleeping
Todd: You're awake now to reply my message. Just 2 minutes
Summary: Todd wants to talk to Cheyanne, but she's sleeping and doesn't want to talk.
Dialogue: Harris: Hi Mr Steve how are you doing?
Steve: I am fine, Thank you.
Harris: i emailed you my assignment yesterday, can you please comment on it?
Steve: Yes i had a look at it, its good i need to discuss few things, firstly which format did you follow? its neither APA nor MLA.
Harris: I followed APA i would recheck it.
Steve: ok good because referencing is quite confusing. your content is good but formatting is not so good it needs to be appealing there are inconsistent spaces.
Harris: i will make changes,
Steve: Conclusion looks more like a summary.. its too lengthy and the point is not clear.
Harris: Ok thank you so much 
Steve: And i mentioned it clearly it has be New Times Roman size 12 , you used Ariel please go through the instructions again.
Harris: i am sorry about that. how much would you rate the assignment as of now
Steve: Right now its 5/10 because your main issue is formatting and the conclusion rest is good.
Harris: Thanks a lot Mr Steve I will make changes and submit before deadline.
Steve: Good luck.
Harris: Thanks
Steve: Your welcome.
Summary: Harris will have to make changes to his assignment for Steve.
Dialogue: Camilla: I can't find that post on Facebook. 
Camilla: the one Marie posted
Camilla: it's got a black background
Helena: hold on, I'm checking
Helena: I think I found it
Helena: <file_other>
Helena: this one?
Helena: try and click on it
Camilla: ok
Helena: did you try calling them too?
Camilla: not yet
Helena: ok
Helena: I noticed there are many comments
Camilla: ok the page loaded, yeah I can see all the comments
Helena: many people that seem to know about it
Helena: very sad 💔
Camilla: yeah
Summary: Helena helped Camilla to find Marie's Facebook post.
Dialogue: David: I have to share my unpopular opinion with you
David: Newborn kids are ugly. Don't argue since there's no point. 
David: Newborn kids are ugly af and people showng off their ugly babies on social media are mentally disabled people.
Jack: Hahaha. I've got your back.
Jack: I totally agree.
Jack: Social media exhibitionism has gone too far in my opinion.
David: I agree, but that's not the point.
David: Little kittens - cute
David: Puppies - cute
David: Little Panda - cute as fuck
David: But a human child is extremely ugly
David: Looking like a gnome leaving a mud cave
David: And I totally don't understand parents who post pictures of these  creatures.
Jack: ROFL
Jack: You made me laugh so hard i peed myself
David: hahahaha
Summary: David and Jack think newborn babies are ugly. They dislike the fact that parents so often share their babies' pictures via social media.
Dialogue: Samuel: Stop and look back!
Marianne: what?
Samuel: I'm behind you, wait!
Summary: Samuel is behind Marianne.
Dialogue: Kate: Hi Marta. On the way to meet us already?
Marta: Hi Kate. What's up? Yeah, will be on my way soon.
Kate: Maybe we can meet up on the way?
Marta: Sure we can! Where would you like us to meet?
Kate: I'm near Leclerc. Going by 110 bus to the Marymont subway station. 
Marta: OK, I can walk to Marymont. Will be there in 10 minutes. See ya then!
Summary: Kate and Marta will meet at Marymont subway station.
Dialogue: Edgar: Hey Leo
Leo: Hey! Happy to hear from you
Edgar: The pleasure is mine! Are you going to the dinner at Elizabeth's?
Leo: Yeah, sure, she wrote to me the other day.
Edgar: That's great! I'll be happy to see you
Leo: You might be able to see Cameron and Rosie as well
Edgar: Yeah, Elizabeth is throwing a grand party in my honor it seems
Leo: Ha ha ha Indeed
Edgar: I'll see you there then
Leo: Yep. See you soon
Edgar: Cheers
Leo: xx
Summary: Edgar and Leo will meet at the party that Elisabeth is throwing in Edgar's honor. 
Dialogue: Penny: I'm off to the client, will most likely be out the rest of the day.
Jacob: Okay, will hold down the fort!
Penny: Thanks. If anything comes up, you can text me. I may not answer right away.
Jacob: Gotcha.
Penny: Have a good day. Do you have plenty to do?
Jacob: Oh, yes. I'm still on that sorting project for you. Plus it's payroll day.
Penny: Ah, okay. I won't worry.
Jacob: Everything is under control!
Summary: Penny is leaving for a meeting with a client. Jacob is staying at the office and he has a lot of work.
Dialogue: Albert: hi everybody! we're meeting tomorrow at the central railway station at 7am
Albert: please don't be late!
Owen: sooo early :O
Frederick: hi albert! ok, thanks for the info!
Owen: i'll try :D
Albert: owen... ;)
Caleb: hey, cool, i'll be there
Finlay: hey, hey
Finlay: i'm not sure atm if i'll be able to come ;/
Finlay: been feeling a bit sick since yesterday :(
Frederick: noo you have to come!
Caleb: yeah :O
Caleb: it's not gonna be the same without you, come on finlay!
Finlay: heh, i know, i'll let you know tomorrow morning i guess...
Albert: oh! fingers crossed!
Frederick: let us pray!
Caleb: :D
Finlay: :D
Summary: Albert, Owen, Frederick and Caleb are meeting tomorrow at the central railway station at 7am. Finlay isn't sure if he can come as he's been feeling a bit sick since yesterday. 
Dialogue: Gail: Y do u think that's ok?
Julia: 'cause I know her. She was speaking in general and not about anyone in particular.
Gail: Ru sure?
Julia: Yeah. Actually, she has this friend on Facebook... Joanna, I think... 
Gail: Yes, she does :)
Julia: Wow! Ur quick! Anyway, Joanna posts everything! And with pictures. As soon as she opens her eyes in the morning, she posts a good morning! And so on.
Gail: Now she's really hooked on Facebook.
Julia: Not only Facebook but all the hyped social media sites.
Gail: Rly?
Julia: Yeah. 
Gail: We'd never do that, right?
Julia: Never :)
Summary: She has a friend, Joanna, who posts a lot on social media. Gail and Julia would never do that. 
Dialogue: Sol: hey I wanted to buy this for Zoe
Sol: <file_photo>
Sol: tell me what you think
Johan: she'll love that :)
Johan: she only has 1 set of lego friends
Sol: ok :) I hope she lets me play with her hahaha
Summary: Sol wants to buy LEGO Friends for Zoe.
Dialogue: Aisha: Hi darling!
Sheila: Oh babes, I forgot to send you a card, congratulations on the baby!
Aisha: Don't worry, it's fine. Yes, we are both over the moon, it's been such a long time coming.
Sheila: Sure it'll be worth it, I love Barry's kids like they my own flesh and blood. And now there's the grandkids too.
Aisha: Didn't you ever want your own Sheila?
Sheila: No, not really. We didn't get together till our 40s and Barry had 3 kids already. I wasn't really bothered to be honest.
Aisha: Fair enough! Are we going out to celebrate. I thought a slap-up fish and chip supper would really hit the spot!
Sheila: Ha bloody ha! No, I fancy a nice Italian!
Aisha: Yes, that Marco at the Vesuvius is a bit of alright, isn't he! Seriously though, I'd love to go out all 4 of us again, you two are like my parents!
Sheila: God, you're full of compliments today arent you? Let's go to the Vesuvius then and us three can get nice and drunk while you sip your mineral water!
Aisha: You cruel woman! Friday, 8ish ok? 
Sheila: Well, that's one of our busiest times at the chippy, not sure. How about Sunday at 2ish?
Aisha: Yes, that would be lovely. I'll ring and book as it may well be a bit busy.
Sheila: Nice one! Well, see you Sunday at the restaurant?
Aisha: Bye love!
Summary: Sheila and Barry got together in their 40s and Barry had 3 kids already. They don't have their own children, but Sheila loves Barry's kids and grandkids as if they were hers. Aisha is pregnant. They're going to go to the Vesuvius and celebrate on Sunday around 2 o'clock. Aisha will book a table.
Dialogue: Owen: where are you?
Owen: you were supposed to buy a few beers and come back 
Mia: sorry, i've met Ethan, we went to the bar
Mia: how long have you been waiting?
Owen: TWO HOURS, Mia!!
Mia: ups, sorry, i must have lost track of time
Mia: i'll be back in half an hour
Mia: are you mad??
Owen: take a guess
Summary: Mia left to buy some beer. She met Ethan, they went for a couple of drinks. Owen has been waiting for her for 2 hours. Mia will come back in 30 minutes.
Dialogue: Angela: I have a craving for vanilla ice-cream.
Lucas: You want me to stop by the store on the way back from work?
Angela: If you could and if is not a problem.
Lucas: Of course is not a problem. As long as I can participate in eating the ice-cream, lol
Angela: I guess I can share.
Lucas: Any specific ones you want?
Angela: Yes, Manhattan.
Lucas: Big or small?
Angela: Big :-)
Lucas: Ok.
Summary: Lucas will buy vanilla ice-cream on Angela's request.
Dialogue: Anna: hey son
Anna: so how was it?
Anna: do you know how to ski now? :)
James: hey mom
James: a little bit :P
James: it was really great, the weather was awesome, and Rachel's dad was my tutor hehe
Anna: and you're coming back tomorrow?
James: yeah, around 5
James: I'll call you then
Anna: all righty :)
Summary: James is happy about his ski trip and comes back tomorrow around 5 o'clock.
Dialogue: Miles: what are you up this evening?
Zoe: once I finish working, i want to do NOTHING
Miles: oh hahahah i see!
Zoe: honestly, i'm so tired, i didn't get enough sleep!
Miles: i know, been there!
Zoe: how about you? any plans?
Miles: not really 
Zoe: should we do nothing together?
Miles: sure! we could binge watch something 
Zoe: sounds good! 
Summary: Zoe is very tired. She and Miles will watch TV together.
Dialogue: Ulle: Anybody wants to go with me to the town tomorrow?
Joan: I'm not in the village anyway
Ted: I could go with you, need to do a few things there
Ulle: great, could you drive my car as well?
Ted: LoL, I could, but why?
Ulle: I need to see a dentist and I'm not sure how I feel afterwards, so I may ask you to drive us back home
Ted: sure! No problem.
Ulle: I'll pick you up at 7.00AM
Ted: ok
Summary: Ulle will pick up Ted tomorrow at 7am for a trip to the dentist and town. 
Dialogue: Anna: hello, Jessica I got your name and number from Pat Smith, she told me you do some babysitting for her
Jessica: Hello, yes I do 
Anna: I want to talk to you about maybe sitting for us. we have two boys Jenson and jack 3 and 7. what is your rate?
Jessica: oh yes that be great!! I charge 10 dollars a hour. I go to university but most evenings im free!
Anna: would you happen to be free this Friday?
Jessica: yes, what time where you thinking?
Anna: maybe you could come 5pm so that way you can meet the boys and I can show u around and we can meet and talk little 
Jessica: yes that would great with me! 
Anna: Great! also how late is to late for you? we have spare room so u r more then welcome to stay over if you are ok with that 
Jessica: where do you guys live?
Anna: off 1-35 in berry creek
Jessica: oh actually I live here too hahah so its perfect! 
Anna: no way! hahah ok great well we can go over everything Friday! thanks again!
Jessica: no problem! see you Friday 
Summary: Jessica will come over to Anna on Friday at 5 pm to meet and talk about babysitting for Anna's children. She charges 10 dollar per hour a lives at off 1-35 in Berry Creek, and Anna lives there, too. 
Dialogue: Emily: Are you coming to my party on Saturday?
Alex: Of course :-)
Emily: What did you get me for my birthday?
Alex: If I told you it wouldn't be a surprise would it?
Emily: Guess not... but I'm really curious.
Emily: I could do with some new books to read (hint, hint)
Alex: I'll keep that in mind ;-)
Summary: Alex confirmed his presence to Emily's birthday party on Saturday. She suggested to him to offer her some new books as a present.
Dialogue: Kori: I need a car today in the morning
Leandro: Oh common I need to be at work earlier!!
Kori: And I have a doctor’s appointment at 7 AM
Leandro: Why haven’t you told me before ;/
Kori: Tbh I forgot, I checked by calendar today and the appointment was there
Leandro: Are you at least ready for it?
Kori: Yes I am, I reviewed everything, prepared the tests results, I have all I need
Leandro: Why is it so early?
Kori: Because at the same time I need to take another blood test, long story
Leandro: You forgot to do it as well -_-
Kori: Nooo that’s what my doctor required from me, I can’t do anything about it.
Leandro: Okay, I guess Ill take the train, next time please tell me such things in advance
Kori: I knoooow, I’m sorry, it won’t happen again <3
Leandro: I hope so
Kori: I love youuu :*
Summary: Kori needs a car, because she has a doctor's appointment at 7 AM. Leandro will take the train to work today.
Dialogue: Jazlyn: OMG I am so freaking sorry ive been studying for my final all weekend/this week ;__;
Luciano: It’s fine, how are you??
Jazlyn: Im fine ;__; tomorrows the final and i'll finally be done for now 
Jazlyn: untill february Lol
Jazlyn: but how are you feeling?
Jazlyn: are you feeling any better <3
Luciano: It’s a bit complicated, I’ll tell you after work
Jazlyn: Okay ;__; <3 <3
Luciano: OK so basically sometimes I just feel super tired and hopeless, disappointed with myself because I can’t change my life all at once
Luciano: Some things are getting easier, so I think I’m managing to build better habits, gradually
Luciano: But of course it’s slower than I’d like to and I still mess up in a lot of ways
Summary: Jazlyn has been busy this week studying for her final examination tomorrow. Luciano still feels unstable in his self-assessment but has started to develop better habits.
Dialogue: Anna: Have you walked the dog?
Theresa: yes! can we go now?
Lia: please! it's starting in 30 min
Anna: now you can :)
Summary: Theresa walked the dog, so she can go now.
Dialogue: Oti: hi girls, I called a mac store and they do sell gift cards so we can buy one for Sharon
Oti: please tell me what you think
Florence: okay how much is it?
Brittany: but shell be able to use it online right?
Oti: I think so... let me check
Florence: yes its for standalone stores and online
Brittany: oti can you buy it?
Brittany: theres a shop next to your office
Oti: yes I know
Oti: I'll buy it tomorrow
Florence: do you need money now?
Oti: no you can give me cash on friday
Oti: £100?
Florence: okay
Brittany: perfect
Summary: Oti will buy a £100 gift card for Sharon tomorrow. Florence and Brittany will him cash on Friday.
Dialogue: Michael: where the fuck have you been?
Michael: I was waiting for you for an hour but you never showed up!
Chase: fuck, I forgot, sorry ‘bout that
Michael: asshole 
Chase: sorry, mate. It wasn’t my fault
Michael: hahahah
Chase: I swear!
Michael: dude, I was waiting for you for an hour!!!!!
Chase: <file_gif>
Michael: <file_gif>
Chase: what the fuck is this?
Michael: guess
Chase: <file_photo>
Summary: Michael spent an hour waiting for Chase who did not show up.
Dialogue: Billie: have you heard the new song of Michael Jackson?
Jean: new song of Michael Jackson? 
Jean: man, he's dead 
Billie: I know 
Billie: but they are still making money with his songs and release new ones 
Jean: I think it's not real Michael 
Jean: he had to do everything perfectly 
Billie: yeah I know there new songs are completely different 
Summary: Michael Jackson's new songs may not be really his.
Dialogue: Chloe: Hi Daisy!!!
Daisy: Hi, Chloe? What's up?
Chloe: You busy Saturday?
Daisy: Not especially. Why?
Chloe: I need a new dress.
Daisy: So, you wanna go shopping:=)
Chloe: Yep.
Daisy: I am in. Pick me up around 10?
Chloe: Be there. See you.
Summary: Chloe and Daisy go shopping on Saturday. Chloe will pick up Daisy around 10. 
Dialogue: Yani: Did you play the new candy?
Heather: Nope. I loaded it and didn't like how it looked. Very childish. You?
Yani: I thought the same. I tried, but didn't like it. Uninstalled. Not for me.
Heather: I'm hearing the same from others.
Yani: They really cocked it up!
Heather: Yep! Don't like it at all.
Yani: Onward and upward!
Heather: Indeed!
Summary: Heather, Yani and others think the new Candy Crush game is childish and they dislike it.
Dialogue: Larry: Tom, I still owe you 20 bucks
Tom: Really? I don't remember XD
Larry: Yeah, you paid for me at the bar yesterday
Tom: Oh, right
Larry: When can I give you those 20 bucks?
Tom: No hurry, man
Larry: But tell me, it's important
Tom: A Larry Stern always pays his debts?
Larry: Hahahahah, yeah
Tom: Ok, I'll be at Joe's later today, around 5
Larry: Ok
Tom: But I don't need those 20 bucks, really
Larry: No way!
Tom: Sigh... ok
Summary: Larry and Tom are going to meet today at Joe's, around 5 o'clock. Larry is going to pay 20 dollars back to Tom. He owes them because Tom paid for him at a bar yesterday.
Dialogue: Michelle: hello Sara, how are you doing?
Sarah: I am good, how about you?
Michelle: good thanks 🙂
Michelle: I am organizing a photo-shoot next week to prepare my portfolio as a personal shopper, and would love if you could participate.
Sarah: yes totally! give me the deets
Michelle: oh thanks! 🙌
Michelle: so, I have booked a photographer and a location in a beautiful private hotel
Sarah: fancy 😁
Michelle: lol yeah, it really costs an arm and a leg, but it is worth it.
Sarah: for sure.
Michelle:  we will meet on Wednesday at around 4, is that OK for you?
Sarah: hum that can work, I will just have to rearrange my schedule for my deliveries. But we can work it out.
Michelle: thank you, I really appreciate it. Can you give me your size in shoes and shoes?
Sarah: yeah, I wear M / 38. and size 38 in shoes.
Michelle: perfect, so let me know if you have any questions! can't wait😘
Sarah: can't wait too! been a long time since I have done a photo shoot.
Summary: Sarah will take part in a photo-shoot next week. Michelle is organizing it to prepare her portfolio as a personal shopper. Michelle booked a photographer and a location in a beautiful private hotel. Michelle and Sarah will meet on Wednesday at around 4 p.m. Sarah wears size M and shoes in size 38.
Dialogue: Gina: I just watched the new Outlander
Olivia: And? How is it?
Gina: I had to fast forward it by the end cause I couldn't stand how slushy it was
Olivia: Oh now, I was so looking forward to this!!
Gina: I know. But it's like a harlequin with a really, really bad dialogues
Olivia: That sounds awful. And the first season was so good, right?
Gina: Yes, it was. I kind of think of rewatching it.
Olivia: We should do like a marathon!!
Gina: Dinna fash lassie
Olivia: Jamie <3
Gina: <file_gif>
Olivia: yummmyyy
Gina: :D
Olivia: <3
Summary: Gina hated the new outlander. Gina and Olivia want to rewatch the first season together.
Dialogue: Jim: Hey man
Jack: Hey
Jim: How did the exam go?
Jack: Oh, it was ok, I expected to be harder
Jim: Good for you!
Jack: Heh, I know
Jim: What about a beer with the guys tonight?
Jack: Ok for me!
Jim: By the way, did Bert pass his physics exam?
Jack: Yes he did, he got the top mark
Jim: Wow! Good for him too
Jack: Yeah, too bad he won't join us because he doesn't drink
Jim: Lol
Summary: Jack's exam was ok. Bert passed his physics exam with the top mark. Jack and Jim will have a beer tonight, but Bert won't join because he doesn't drink. 
Dialogue: Turner: which gym do you use guys
Langston: lol i dont
Mortimer: i go to mcfit
Turner: any good?
Mortimer: pretty yeah. i mean not very expensive and open 24/7
Turner: equipment?
Mortimer: id say normal. all new and good condition tho
Elliot: i go to slimgym but frankly am going to quit
Turner: oh why
Elliot: the staff mainly. very very unhelpful
Mortimer: i heard that too.
Summary: Turner wants to join a gym. Mortimer recommends mcfit, Elliot advises against slimgym. 
Dialogue: Olaf: Guess who's that
Olaf: <file_photo>
Patrick: You bastard!
Patrick: You promissed you'll delete that fucked up photo hahaha
Olaf: Yeah, but I was drunk
Olaf: So it doesn't count :D
Patrick: You sure? Fine, then look at this
Patrick: <file_video>
Olaf: It's so embarrassing...
Olaf: xD
Olaf: I guess we have a tie!
Summary: Olaf sends an embarrassing picture of Patrick even though he promised to delete it. Patrick sends him an embarrassing video in return. They're even.
Dialogue: Joan: Where do you live actually
Miley: Waterbury
Joan: Nebraska?
Miley: Connecticut of course
Joan: the Brass City!
Miley: hahah, yes! how come you know it?
Joan: I had a boyfriend from Connecticut 
Miley: nice:)
Summary: Miley lives in Connecticut. Joan had a boyfriend from Connecticut. 
Dialogue: Connor: Are we going to the lecture today?
Samantha: What lecture?
Connor: haha, you never know what's going on at the uni, do you?
Samantha: yeahhh, I am not good at that...
Connor: There is a lecture of Lucy Nicholas today.
Samantha: The professor from Melbourne?
Connor: yes, University of Swinburne. 
Samantha: What will she talk about? Do you know?
Connor: here is some info: <file_other>
Samantha: Queer theory
Connor: Officially it's a workshop titled ""Post Gender Queer Ethics""
Samantha: Oh, then it can be actually useful for me.
Connor: so let's go there, at 4pm at the cafeteria.
Samantha: ok, see you later.
Summary: Samantha and Connor will go to the lecture on queer ethics at 4pm.
Dialogue: Liam: I am looking for a gift for mum for her birthday
Eva: Do you have any ideas?
Liam: <file_photo>
Eva: not a scale!! for a woman struggling with her weight, come on
Liam: Oh, right. then I don't know
Eva: Maybe a weekend in spa?
Liam: Could be!
Eva: <file_other>
Liam: That looks really good!
Eva: a bit expensive though
Liam: we could ask some other people to chip in, aunt Stella?
Eva: That's a possibility
Liam: or
Eva: ?
Liam: <file_other>
Eva: her favorite theatre <3
Liam: So which option?
Eva: I would go for the theatre tickets cause it could be just for us
Liam: Okay
Eva: <file_gif>
Summary: Liam is looking for a present for his mother's birthday.
Dialogue: Russ: Hey, are you going trick or treatin' tonight?
Jody: Yeah, just have to put some finishing touches on my costume.
Russ: Cool, what are you going to be?
Jody: A witch, naturally.
Russ: hehe...fits you
Jody: Shut up! LOL
Jody: How about you?
Russ: I'll surprise you.
Jody: Ok, probably someone in uniform, right?
Russ: You'll see. Talk to you later.
Jody: Bye
Summary: Russ and Jody are celebrating Halloween tonight. Jody is going to be a witch. Russ wants to surprise Jody, so he doesn't tell anything about his costume.
Dialogue: Charlie: Should we buy the flights? It's Black Friday!
Robin: Yup, maybe it would be good to do it today.
Charlie: But where do we want to go?
Robin: Wherever there's sun!!!!
Charlie: I've just seen some 150$ one way to Curacao 
Robin: if it's 300$ return, we're taking it man!
Charlie: I can book them, you'll book the hotel.
Robin: Deal!
Charlie: WOW. That was smooth!
Robin: I'm an easy companion, I told you!
Summary: Charlie will book tickets to Curacao. Robin will book the hotel. It's Black Friday so the tickets are 150$ one way. 
Dialogue: Mariana: Morning
Holden: Morning
Mariana: How is feeling my Pilot today?
Holden: Still sick but getting better slowly
Mariana: Good
Summary: Holden is slowly getting better from sickness.
Dialogue: Tory: i think id like to learn play guitar
Vernon: cool. always been my dream too
Palmer: i kind of used to play
Tory: oh ye? never hear you play
Palmer: old days. dont think i can play now at all
Tory: i'd love to hear you play Palm
Vernon: get'im drunk. he'll get to play
Palmer: in a way. if i lose control
Tory: cool guys. 2moro my place 9pm. no excuses
Summary: Palmer used to play guitar and tory wants to learn. Torry invited Vernon and Palmer over to her place tomorrow at 9 pm.
Dialogue: Matt: I don't know what to write for this essay
Raf: Ye me neither
Raf: The prof is too tough 
Raf: and doesn't teach anything
Jake: I haven't started either
Jake: How long does it have to be? 
Raf: 15 pages 
Matt: Are you shitting on me? 
Raf: Nope
Matt: Oh my gosh 
Raf: I have to start writing it today
Raf: Idk why I took philosophy haha
Matt: Ye its so boring I wonder why we all took it 
Summary: Matt and Raf don't know what to write in their essays in philosophy. They need to write 15 pages. They wonder why they took philosophy.
Dialogue: Yvonne: Hi! Can you tell my father that he should come at 5 not at 4 pm.
Iona: He's in town now but I can send him a message.
Iona: Actually why don't you text him?
Yvonne: I did and asked him to call me back but he hasn't read my message.
Iona: That's strange. He is always so fast in replying. Wait a sec!
Iona: Just found his mobile! He's forgotten to take it along.
Yvonne: Oh sugar! Can you leave him a message at home to read when he's back?
Iona: Sure I can but I don't think he'll be coming home before visiting you. He was saying something about driving on to Bretton.
Yvonne: That's too bad. Nobody will be here at 4.
Iona: Hasn't he got a spare key to your place?
Yvonne: He does but quite unlikely he's got it on him. Could you please check if it is on its key hook?
Iona: I'm already on the train to B'ham.
Yvonne: Oh blast!!! I guess I have to leave the key with the neighbours and put a note for him on the door. I'd hate him standing in the cold and dark here and not knowing what's going on.
Iona: Sounds a sensible solution.
Summary: Yvonne is trying to reach her dad to let him know to come at 5 instead of 4 as no one will be in. As she nor Iona can reach him, she will leave a key with the neighbours and a note on the door. 
Dialogue: Tom: Where are you?
Charles: I'm at the spire 
Elisabeth: I'm coming! Give me 5 min
Tom: ok, I can see you, Charles!
Summary: Tom is meeting up with Charles and Elisabeth.
Dialogue: Leo: good evening Padre. A small hello from Berlin where we're nicely settled since septembre. We missed Roma, his church, his parishioners and his priest. We often think about you. I hope you're fine. Regards Leo
Padre: Ciao mi cari!! thanks a lot. But you must turn the page.. We're far away but charity bring us closer. Here the life is still the same, people change but your Padre still the same. I embrace you all
Leo: Christmas thought . Leo
Padre: Ciao, grazie. Holly christmas to you all. Padre
Summary: Leo and Padre are exchanging greetings and Christmas wishes.
Dialogue: Ken: hi guys, Ivy's birthday is coming up, wanna chip in to buy her something nice?
Otis: sure!
Elen: yes!
Liam: absolutely! does anyone have an idea what to buy
Ken: i was thinking of buying her a weekend in a spa
Elen: so nice! I approve this :) and am a bit jealous!
Liam: agree, great idea, how much does it cost?
Ken: that's the deal, quite a lot, that is why i need your help, can you think of anyone else who would like to join us?
Otis: yes, sure, I'll add them to the conversation
Elen: same, let me think
Liam: i can help with that as well!
Ken: thanks guys! 
Liam: no problemo!! 
Elen: you can count on us ;)
Otis: <file_gif>
Summary: Ivy's birthday is coming up. Ken suggests buying her a weekend in a spa, but it's expensive, so they need more people to chip in.
Dialogue: Marika: There were a lot of ambulances on the street on the way home
Orna: I saw them as well why were they there?
Marika: As I heard from the news, huge accident happened 
Orna: Like how huge??
Marika: One bus driver got so pissed at a driver blocking in front of his bus 
Marika: So he fought with this driver on the street
Orna: But why so many ambulances, not police cars?
Marika: Cause the driver didn't move his car and the bus driver was so pissed that he pushed that car 
Marika: And then 9 cars as well ahead of that car
Orna: WTF!
Marika: A lot of people got injured
Orna: What a bastard! He couldn't control himself?
Marika: He keeps insisting he wanted to pushed only the first car and suddenly brake didn't work after he did that
Orna: But again, wtf really his job is taking care of the passengers, not driving like a devil from the hell
Marika: That's what I mean
Orna: He is a killer 
Marika: Yes he is!!!! 
Marika: I wish him the heaviest sentence!
Orna: I totally agree. 
Orna: Drivers like him should be in jail and reflect himself for all his life
Summary: The bus driver injured many people by pushing other cars.
Dialogue: Miriam: we're going to L’Escale tonight, wanna join?
Jean: just for a walk?
Jean: or some other plans as well?
Miriam: I thought about a walk, but we can do some other stuff as well of course
Cecil: about 19?
Amanda: I would start at 17, before the sun sets
Amanda: then we could have dinner
Miriam: but where?
Amanda: Moonlight?
Miriam: great idea! I haven't been there for ages!
Jean: I would prefer to eat in the African Quarter
Miriam: but any ideas?
Jean: Chez Youssouf 
Miriam: I don't know it
Jean: really?
Jean: then we have to go there tonight! Youssouf have amazing food
Jean: you'll love it!
Cecil: the Austrian guy from my office recommended it to me once
Jean: because it's genial
Miriam: ok! let's do it
Summary: Miriam, Cecil, Amanda and Jean are going to eat in Chez Youssouf in the African Quarter tonight. 
Dialogue: Zoe: I found this ad in the newspaper and thought of you
Zoe: <file_photo>
Zoe: <file_photo>
Zoe: It says no qualifications needed
Ursula: Ah nice!
Ursula: Which paper was it in?
Zoe: Yesterday's Daily Mail
Ursula: I missed that one..
Ursula: Looks interesting
Ursula: I'll find out more..
Zoe: Yeah it's not often you see this kind
Zoe: Not in this area anyway
Ursula: No definitely not 
Ursula: Thanks for spotting it
Zoe: Np ;)
Summary: Zoe found a job advertisement for Ursula in yesterday's Daily Mail.
Dialogue: Nora: We're going to have dinner tonight with Jeff, anybody wants to join us?
Clara: Should anybody join you? 🙊
Jerome: LOL, cheeky Clara
Jeff: it would be nice to see you guys
Clara: I may come over, where is it?
Jerome: me 2, me 2!!!
Nora: Jerome, you and your unconventional use of the chat
Jerome: is it annoying?
Nora: I really dislike people doing it :P
Jerome: whatever, we can talk tonight about that
Summary: Nora and Jeff are going to have dinner tonight. Clara and Jerome will join them.
Dialogue: Jasmine: Hey Eddie! How’s your learning process?
Eddie: I think I may be ok on this course. Of 16 people I was one of 4 to successfully log in to my PC with no issues...
Brooke: We’re so proud 😂😂😂👍
Jasmine: Did they teach you how to print? Because the printer doesn’t work again.
Eddie: No, not yet. But I know how the printer looks like.
Summary: Eddie has learned to log in to his PC without issues. He has not learned how to use a printer, though.
Dialogue: Wendy: Anything interesting on Netflix lately?
Wendy: I want to binge watch a good series.
Gina: Hmmm... Black Mirror?
Wendy: I've seen it already. :-(
Gina: Did you like it?
Wendy: Loved it! :-)
Gina: Jack Ryan?
Wendy: Don't know him.. who is he?
Gina: It's a series, silly! :-)
Wendy: What is it about?
Gina: A good spy thriller. Worth a watch.
Wendy: Not really into thrillers and spies. Any other suggestions?
Gina: Last Kingdom?
Wendy: I've seen it.
Gina: But have you seen the latest series?
Wendy: Not sure. Will check it out cause I did like it.
Gina: Do. It is maybe not as good as the first series but still worth watching.
Wendy: Thanks for the tip. Will binge watch accordingly. :-)
Gina: Let me know what you think. xo
Summary: Wendy is looking for a show recommendation on Netflix. Gina suggests a number of shows and Wendy decides to watch the latest season of Lost Kingdom.
",[Lilly will be late. Gabriel will order pasta with salmon and basil for her.],6607,samsum,en,,a7f5fb962522dd21d40ce283ce364b01f72d5129a90c6ca9,146,1,28930.92953489,"Lilly will be late, so Gabriel will order food without waiting for her and also order something for her to pick up when she arrives.",0.8439946769976814,1.5432157239993103,42.90488698623243
"Dialogue: Fiona: Are you free?
Tina: Yes, what's up?
Fiona: I'm trying to prepare a nice dinner for Chris and I thought that maybe I could prepare this tart of yours :)
Tina: I'm flattered!
Fiona: Well, it IS delicious :) Could help me do it?
Tina: Sure! It's not difficult. Do you have anything ready?
Fiona: I must admit I bought the crust...
Tina: Oh, ok :P Pity, but well, it's too late now.
Fiona: I tried making the filling once, but I finished with lemony scrambled eggs...
Tina: It happens, don't worry. The thing is that once you start adding eggs you can't stop mixing it, otherwise you'll end up with scrambled eggs.
Summary: ","Dialogue: Alex: could you text me that pic that we took with your phone yesterday?
Alex: the one where i'm @ the center of the group
Alex: I want to make it my new facebook profile pic
Kim: don't get angry...
Kim: but i deleted it by mistake :-(
Alex: lol don't worry about it 
Alex: i'm sure someone else has it too
Summary: Alex wants to set the picture they took as her profile picture on Facebook, but Kim already deleted it by mistake.
Dialogue: Patricia: <file_video>
Patricia: P'TRICIAAAAAAAAAAAAA
Preston: aaahahhhah 
Reynold: ahhaha I see it's vines evening
Patricia: of course xd
Preston: <file_photo>
Reynold: is that a dog? xd
Preston: yeah XDDDD
Patricia: god :o creepy
Summary: Patricia, Preston and Reynold are sharing vines.
Dialogue: Kate: Good morning Professor
Mary: Good morning Kate
Kate: I would like to postpone our tomorrow’s lesson to Monday. Would it be convenient for you?
Mary: Wait a minute, please. I need to check in my calendar
Kate: Of course
Mary: Well, I would have time for you between 5 and 7 p.m.
Kate: Thank you, professor, that would be perfect
Mary: Very well. Goodbye, then
Kate: Goodbye
Summary: Kate asks Mary to postpone their tomorrow's lesson to Monday. Mary agrees to between 5 and 7 p.m.
Dialogue: Markus: Heya!! I'm going to be in Porto tomorrow. Will you be around?
Nicole: Aw man! I'm in Toronto at the moment. I will be back on Saturday.
Nicole: Let's figure sth out for soon tho!
Markus: Oh pitty 😞 Yes, we must!! 🤞
Markus: Enjoy your trip! 😊
Summary: Markus is going to Porto tomorrow. Nicole is in Toronto.
Dialogue: Lloyd: are you home?
Judy: no, why?
Lloyd: I can't reach mum
Lloyd: I've been trying to call her but she won't answer
Lloyd: every time it rang and then went to voicemail...
Lloyd: you know I'm not the kind of person to freak out but... 
Lloyd: I can't help being worried with how she had to be taken to hospital 2 months ago
Judy: calm down
Judy: mum's not home either, she forgot her phone
Judy: I noticed that earlier today before I went out
Lloyd: oh...
Lloyd: well that doesn't make me 100% calm bc what if she needs help and doesn't have her phone on her
Judy: she'll be fine, she's not a child, that was a one-time thing
Judy: I'm sure she'll be home soon and call you back. is it that important?
Lloyd: nah, it's nothing really, I just want to know she's okay now
Summary: Lloyd's worried about his mum because she doesn't answer his calls. He's worried because 2 months ago mum was taken to hospital. Judy says mum has left her phone at home and tries to calm Lloyd down.
Dialogue: Thorne: what time ru commin?
Sylvester: i leave the office @5 so 6/6.30
Selvyn: i gueess 7 is doable
Thorne: oh right. i'm out till 6 so we're fine to meet then
Summary: Sylvester and Selvyn will meet Thorne around 7.
Dialogue: Kate: I talked to my boss today
Tom: and?
Kate: I changed my working hours to 11-19!
Kate: Finally I can sleep :D
Tom: Great!
Tom: Can u talk to my boss as well? :D
Kate: haha, I can try, you know I'm sometimes very convincing...
Tom: no doubt :D
Tom: let's celebrate it then!
Kate: any idea?
Tom: tonite, Viva Italia, 9pm
Kate: hmm.. yummy..
Kate: I'm in!
Tom: cu :*
Kate: :*
Summary: Kate talked to her boss today and changed her working hours to 11-19. She will celebrate it with Tom tonight at Viva Italia at 9 p.m.
Dialogue: Ali: I'm very upset by the situation here
Patty: i've just seen on TV, it's worrying indeed
Jim: Do you think the election was rigged?
Ali: I think so, the ruling coalition got 96% 
Ali: it's a bit exaggerated I think
Jim: sure, it's not convincing at all
Ali: and 17 people were killed during the election, it's very sad
Jim: I'm really sorry to read it :(
Ali: Sheikh Hasina has been at power for 10 years
Jim: it's quite long...
Summary: Ali, Patty and Jim are talking about the election which might have been rigged.
Dialogue: Joseph: Okay, round two. Retail Jedi!
Gabriel: Marketing.
Alonzo: Shop assistant!
Joseph: You're right! It's a shop assistant! 
Gabriel: Darn. 1:1.
Joseph: Don't worry, Daniel, you'll get your chance! Round three: Wet Leisure Attendant!
Alonzo: This has to be a pimp! I'm sure of it!
Gabriel: A masseuse!
Joseph: Sorry, guys. No points this time! It's a lifeguard.
Alonzo: You've got to be kidding me!
Gabriel: Lol
Joseph: Okay, round four: Colour Distribution Technician!
Alonzo: Easy! Painter.
Gabriel: Not so fast! Decorator!
Joseph: I see ur getting the hang of it! Both answers correct! Point each.
Summary: Joseph, Gabriel and Alonzo are playing a game.
Dialogue: Rivka: Why green?
Rivka: :)
Brecken: Why not green though
Rivka: But why green lol
Brecken: Hope color
Rivka: Hope for what? Lol
Rivka: Just kidding
Brecken: Green eyes are beautiful too
Summary: Rivka and Brecken are talking about the green colour. 
Dialogue: Cole: hi, is our meeting still on?
Hannah: yeah, it is
Cole: glad to hear that :D
Hannah: <file_gif>
Cole: see you in the evening <3
Summary: Cole and Hannah are going to meet in the evening.
Dialogue: Linda: Charlie! I can't find the small knife. The one with a yellow handle.
Charles: ups. I needed it in the garage.
Linda: Just great!
Charles: I'll bring it home when I'm back form work.
Linda: Sure, and you will peel potatoes and cook us a dinner as well! :P
Summary: Charles took a knife that Linda needs to the garage. Charles will bring it with him when he gets home from work.
Dialogue: Julie: What's your star sign?
Egbert: I haven't got one.
Julie: What do you mean, everyone has one. It depends when you are born.
Egbert: I had one earlier but then I handed it back. I resigned from it.
Julie: You can't. You cannot ""identify"" as a different star sign. It's not like gender.
Egbert: I just don't have any labels. I don't have a star sign.
Julie: When were you born?
Egbert: May.
Julie: Probably Taurus then, hence why you are so stubborn about it.
Egbert: May 26th
Julie: Gemini. Yeah, you are a typical Gemini.
Egbert: Whatever I said, you'd find some reason to say I was a typical one of that sign.
Julie: OK, you don't need to believe in it, but it doesn't do anyone any harm.
Egbert: I think sticking any kind of labels on people and having any prejudices about how they might behave because of the label is actually harmful.
Julie: That's a sort of typical Gemini thing to say.
Summary: Egbert was born on May 26th, which makes him a Gemini. He doesn't believe in zodiac signs.
Dialogue: Jeremy: Ok, you really crossed the red line this time Theresa
Theresa:???
Wally: oh no, why are you bringing it to the group?
Jeremy: because I want witnesses
Wally: I understand you're both frustrated but please, let's not infect the group with this kind of stuff, people will just leave
Jenny: I agree!
William: yes, guys, solve it between you
Summary: Jeremy is angry with Theresa. Wally, Jenny and William don't want Jeremy and Theresa to argue on the group.
Dialogue: Adam: <file_photo>
Adam: <file_photo>
Jane: Oh hey! These are great, thanks!!
Hannah: This is so kind of you Adam 😍
Hannah: Do you mind if I post one of them on Instagram?
Adam: Please do, I’ve sent them for this 😎
Hannah: Thanksss 🤩
Jane: Tag me
Hannah: Will do
Hannah: Before I forget, here are the ones I took:
Hannah: <file_photo>
Hannah: <file_photo>
Hannah: Hope you like them 🤗
Adam: Haha sure, Jane’s face is somewhat grayish though. Jane, do you mind me cutting you out if I happen to post this? 😂
Jane: Not at all. You can also use a filter if you happen to have one at hand
Adam: 😜
Summary: Adam and Hannah exchange photos they took. Hannah wants to post them on Instagram. As Jane doesn't look good, Adam offers to edit them.
Dialogue: Mel: how about a movie night
Tessa: when?
Mel: this saturday
Tessa: I'm free
Tessa: what movie night?
Mel: mayby some action...
Mel: die hard?
Tessa: no, I just watched it with dad :/
Mel: ok, so maybe sth funny...
Mel: Whoopi Goldberg?
Tessa: sounds good, but Norman wont like it much
Mel: right
Mel: ok, so maybe Avengers?
Tessa: yes! everyone like it!
Mel: good
Mel: I will organize the food
Tessa: I'll inform the rest
Tessa: and tell them to bring drinks ;)
Mel: fantastic!
Summary: Mel and Tessa are meeting on Saturday for a movie night, they'll watch Avengers, Mel will bring food.
Dialogue: George: Hey, tomek!
George: How is it going? 
Tomek: Hi George! Long time no see! It's going great, I'm back home, going to the gym, eating a lot and enjoying life of a jobless bum ^^. How are you?
George: I'm glad to hear that. You deserve a little break from everything that's on the other side (of the world)
George: You're coming to Ania's we'd, right?
George: wedding*
Tomek: Sure thing! Are you :d?
George: It would be weird if I won't
George: Yep, of course :D
Tomek: Haha! Awesome!
Tomek: I was hoping we could meet there:D
George: Aaam, I want ask you about the tradition of the whole thing
George: I don't want to be caught of guard
Tomek: Sure thing, as whatever you want
George: For example, what do you guys give to married couple?
George: Random gifts, money...
George: A slap on their butt??
George: :D:D:D
Tomek: So it goes like that: we go to the church for ceremony. After that young couple is receiving gifts from guests, it's in front of the church. Nowadays usually money, typically about ~300 PLN per couple, but if you're short on cash you don't have to give anything, no pressure here. Then you wish them quick divorce and you step back so other guests can make it rain as well ;)
George: So money is right choice
George: Hahhah
Tomek: But you're coming all the way here, I'm sure your presence will be the best gift for them
George: Yeah, nah
George: It wouldn't be a nice thing to do
George: Besides I don't think it's so far
George: It takes an hour and 45 minutes to get there
Tomek: Are you coming with someone? 
George: I'm coming solo
George: Not because I'm cheap
Summary: George is coming to Ania's wedding from abroad. He doesn't know what to give to the newlyweds and he is quite unaware of Polish wedding traditions. Tomek explains him the usual turn of events: the holy mass, the gifts and the wishes.
Dialogue: Amber: new song from BTS is up!
Maya: already?
Maya: where? yt?
Maya: what's the title?
Amber: <file_other>
Amber: no doubt about it
Amber: yet another hit
Maya: listening
Amber: and?
Maya: it's BTS what did you expect?
Maya: love it!
Amber: keep streaming during the day
Amber: need to get the views up!
Maya: will do!
Summary: There's a new song from BTS. Maya and Amber both love it. 
Dialogue: Luke: What is the best time to visit Mine?
Molly: I think early autumn to see all the colours
Luke: colours?
Molly: yes, there are very few conifers in New England
Molly: so in autumn you have this amazing brilliance of colours, from red to yellow and everything between
Luke: sounds nice!
Molly: <file_photo>
Luke: wow, very beautiful
Molly: yes, go there in late September
Summary: The best time to visit Mine is early autumn, when the trees are full of colours.
Dialogue: Leopold: This coffee's terrible. Where did you buy it?
Annie: Whole Foods. You really think it's bad? I kinda like it.
Leopold: You like everything. I'll have to pick up something else this evening.
Annie: They have a lot of good brands. One of best gets their beans from Peru. Fair trade too
Leopold: Thanks. I'll see what I can find.
Annie: I hope so. You're very choosy. 
Leopold: I know, you're right.
Summary: Leopold hates the coffee that Annie bought at Whole Foods. She likes it. Leopold will have to buy something else.
Dialogue: Steve: Bit of a problem! :‑J
Don: What?
Steve: They're trying to interview people and nobody is around!
Don: It's too early, but yeah, nobody goes there anyway!
Steve: Exactly!
Don: Pretty stupid, really!
Steve: Did they really think that was a good idea???
Don: I guess!
Steve: That producer is so fired!
Summary: Neither Steve nor Don think it's a good idea that they are trying to interview people.
Dialogue: Lilly: HII does David wear a medium still? like for a hoodie lol. starting to look for Christmas 
Susanna: hey sorry! I forgot to write you back! Edd id say small oh man Christmas its to soon! haha
Lilly: its ok! ugh I know its coming up so fast lol
Susanna: I haven't even thought about it but it will be here tomorrow haha
Lilly: right!
Susanna: tho when I come back for Christmas I wanna get a tattoo
Lilly: OMG YES what ya want?
Susanna: I want a elephant but very simple 
Lilly: ohh right you told me this, I love it where?
Susanna: on my back but more on my shoulder 
Lilly: OMG yes I love, thats where my wave is but a little higher 
Susanna: yeah I think its cute too! I think its a nice spot 
Lilly: depends on how big too
Susanna: right and I want it on the smaller side, so not so big 
Summary: Susanna will get an elephant tattoo on her shoulder when she comes back. 
Dialogue: Peter: Can you forward to me all emails about the sale.
Alex: There must be a few dozens of them.
Peter: No problem, send them all.
Summary: Alex will send Peter all emails about the sale.
Dialogue: Monica: Jessica has a boyfriend?!?! WHAT?
Jasmine: yes, she does, finally - I talked to her about it last week
Monica: no way... who is he?!
Jasmine: yeah, she is sooo in love , well I don't know much really, he is a fireman and that's it
Monica: can't believe it
Jasmine: hahaha yeah, me neither, i don't really talk to her that much anymore to be honest
Summary: Jessica has a boyfriend finally. He is a fireman. Monica can't believe it, neither Jasmine.
Dialogue: Olaf: Where is Jesse now? 
Olaf: Just saw his fb
Isiah: At his house
Olaf: No, I mean, what's he doing nowadays? 
Isiah: He's in Regina, getting married next year 
Olaf: Oh wow really 
Summary: Jesse is getting married next year.
Dialogue: Leo: When are you coming back?
Lin: In about an hour. Why?
Leo: You took my home keys. Hurry!
Summary: Lin is coming back in about an hour. Lin took Leo's home keys.
Dialogue: Anna: Hey there!
Anna: I really need your help
Oscar: What's up?
Anna: Are you home?
Oscar: Sure
Anna: Can you print me a ticket, I know you have a printer at your place :)
Oscar: We can certainly try :)
Anna: Yay, great
Anna: Okay
Anna: And how's it going? :P
Oscar: We'll trying and we're not giving up
Oscar: But it should be okay
Anna: Ok just let me know
Oscar: <file_photo>
Anna: Awesome, thank you so much!
Oscar: NP
Oscar: and you're welcome :)
Anna: I owe you one!
Anna: Thanks again! Bye!
Oscar: See you soon :)
Summary: Oscar printed a ticket for Anna.
Dialogue: Ross: Hey guys, do you want to order the college team kits?
Martin: Yeah sure. Actually I've been meaning to ask you about it.
Ross: What about you Paul?
Paul: Only if I like the design.
Ross: It's all black with the a bit of red lining on it.
Paul: Are you kiddin'? Just like AC Milan's 2014 kit?
Ross: That was the idea.
Paul: Cool.
Martin: I still want to see it. Do you have a photo?
Ross: Yes I have it in my phone.
Paul: I don't need to see it anymore. Just fill my form Martin.
Martin: Okay yeah that does look cool.
Ross: Yeah I know.
Martin: Oh hey what about the sizes?
Ross: I have the complete size chart.
Martin: Send me the chart and the link to the form.
Ross: Sure.
Paul: Don't forget to fill mine Martin.
Martin: I'm your room mate not your mom. -_-
Paul: What are room mates for?
Martin: Whatever dude, don't worry I'll fill in for you too.
Paul: Cool, thanks.
Summary: Ross shows Paul and Martin the new design for the college team kits. Paul and Martin would like to order them. Ross will send them the size chart and link to the form, Martin will order for Paul as well.  
Dialogue: Howard: Have you heard that the company is organising a fund-raiser campaign to support LGBT rights.
Anna: Wow, really?! Sounds really progressive. Thought the board is pretty rightist?
Howard: My thoughts exactly, do you know anything about this? Maybe it's just a rumour.
Peter: I've heard about it from John, not sure what to think though.
Anna: As what to think if it's true or about the fund-raiser?
Peter: You know I'm a republican at heart, can't see a point in organising a campaign for someone's rights. What does it have to do with IT?
Howard: Even IT people can do something good for others once in a while ;)
Anna: If you don't like it, you simply don't have chip in.
Peter: I don't think it's that simple. Would it be for you if the board decided to organise a campaign to support the anti-abortion movement?
Howard: Uhm, no, but I think it's not exactly the same...
Anna: Especially as supporting LGBT rights doesn't hurt anyone.
Peter: Just as I thought, tolerance as long it is all right for you.
Anna: And what's that supposed to mean, Peter?
Peter: Just that I think work is not the best place for politics... They could've organise a fund-raiser for a homeless shelter instead.
Howard: Oh, yeah, sorry that LGBT people may not be the best PR choice.
Peter: Are you kidding me? Now, with all this leftist vibe all over the world and tv?
Anna: Ok, Peter on his quest against the communists, again ;)
Summary: The company sets up a fund-raiser for LGBT rights. Howard and Anna are pleasantly surprised by it. Peter considers it wrong and goes on a rant about the leftists. He prefers to separate the work and the politics. 
Dialogue: Mona: Honey… do you know where I left my key?
Mike: Look at you bag, there is a lot of everything 
Mona: It’s not funny, I can’t find it…
Mike: Maybe bookcase?
Mona: no 
Mike: dinner room?
Mona: no
Mike: shelf in the bathroom
Mona: I checked, nothing….
Mike: Maybe you left key in car.
Mona: You’re brillant! I left them in Rother bag that is in car!
Mike: So… my frist idea was the best 
Mona: Love u :*
Summary: Mona can't find her key. Mona left it in Rother bag that is in car. Mike was right. 
Dialogue: John: What time is your train?
Jane: 5 pm
John: I'll wait for you at the station.
Jane: Thanks, don't worry I can take a cab!
John: No trouble, I will get you!
Summary: Jane is arriving at the train station at 5 pm. Jane wants to take a cab but John offers a lift.  
Dialogue: Bruce: I need to change job soon!
Bruce: <file_gif>
Julia: Mr. Hawkins again? XD
Bruce: yeah, he's just impossible to stand on a daily basis!
Julia: you go man! Just leave him! :)
Summary: Bruce needs to change a job soon because of Mr. Hawkins.
Dialogue: Layla: thanks for dropping me off!!
Layla: i just took a shower and I'm going to bed
Luke: r u feeling better?
Layla: 100%
Luke: ull probably wake up with a headache tomorrow
Layla: i know
Layla: i shouldn’t have drank so much
Layla: but we were having such a great time!!!
Luke: that's fine, you've learned your lesson
Layla: i learned my lessonm, I won’t overdo it next time
Luke: go to sleep and rest
Luke: good night
Summary: Layla is feeling better now and realises she shouldn't have drunk so much.   
Dialogue: George: Hey, let me know when you can make it this week, and if there is some specific topic you'd like to talk about.
Alex: George ! Hey! Yes, so Tuesday at 10 AM works for me this week!
George: Ok great, see you soon then. 
Summary: George and Alex are going to meet on Tuesday at 10 A.M. this week.
Dialogue: Paul: coffee break?
Jane: and a cigarette?
Paul: Yesss! in 5?
Jane: see ya :)
Summary: Paul and Jane will have a coffee break and a cigarette in 5 minutes. 
Dialogue: Griezman: say hi to your mum
Kylian: okay i will
Kylian: but next time stick around for lunch.
Griezman: okay, i will
Summary: Kylian wants Griezman to stick around for lunch next time.
Dialogue: Natalie: Someone stop me, please! :D
Catherine: What did you do?
Edith: I'll bet she bought Broadway tickets again.
Natalie: Yup. But what else was I supposed to do? I can't see free seats in the front row and not buy them, I just can't!
Edith: Maybe try simply not looking? :D
Natalie: Well, theoretically I could, but then I wouldn't have the tickets :D
Catherine: What show?
Natalie: Hamilton.
Catherine: Aww, lucky you! I'd go without hesitation if I could afford it ;(
Natalie: I'm not sure it I can afford it either. But it's Hamilton! Front row! You'll feed me for the rest of the month if I come back broke, won't you? :D
Edith: I suppose that's what friends are for.
Summary: Natalie bought Broadway tickets in the front row. Catherine'd go if she could afford it. 
Dialogue: Mash: Hi Gorgeous! And? What is your news? Are you getting much work these days?
Gina: Hi there! Can't complain. Just enough commissions to keep me busy without overworking. Enough money too. And you?
Mash: I still work about 12-15 hours a week, which with my rental means that I am not dipping into my savings too much.
Gina: Sounds good. Is this journal Rose was an editor of still around?
Mash: Amazingly ATLA has continued for another year in 2018. I have always believed that they would not stop publishing it, or change how they produce it, in the middle of a year’s editions, so I am now at that stage of waiting for the first paper of the 2019 edition to arrive on my desk. Each year I think it will stop, and each year, somehow, it staggers on! Fingers crossed.
Gina: Fingers crossed. Happy for you. And Rose's ALTA. How is she?
Mash: Don't see much of them. The last do we had together was in November! Michael's birthday party at Carriage and Stallion in Buxton. But I hear they're doing well. Rose's granddaughter will be graduating from college this summer. You met her, remember?
Gina: Tina?
Mash: Tilla. A short for some name but can't remember.
Gina: Always wanted to ask you: how old is Rose?
Mash: Not sure. My age? Must be older as she's bound to be getting her pension by now.
Gina: Has she retired yet?!
Mash: So I hear. ALTA secretary told me the other day.
Gina: And you, old man?
Mash: I get my state pension in 2021. But not having paid much into my pension plan I can't expect it entirely to support me.
Gina: And the estate? The rents?
Mash: That will do, though I'd have to cut on booze
Mash: D‑':
Mash: The smallholding is looking fairly neat these days (mainly due to Hellie). So I don’t work too hard there, but over the course of a year, I probably spend 4-5 hours a week working on it. Through butcher problems, we kept our pigs for a month longer than we expected this year, and in that time they grew by about 15-20 kilos each!. So my freezers are full to overflowing.
Gina: Pork is not good for you, they say. Especially for older folks.
Mash: We have decided to give the pigs a rest next year, since we should have plenty of meat. I really don't care if it's healthy or not as long as it tastes good.
Gina: Good old Mash!
Mash: It's me!
Gina: How grand to hear your news! 
Mash: You must come and visit me again.
Gina: We'll think about it!
Mash: :)
Summary: Gina has enough commissions to keep herself busy and they bring her enough money. Mash works about 12-15 hours per week, which also works for him. The ALTA journal is still going strong. The last time Mash saw Rose was in November at Michael's birthday party. Rose is about his age and retired now.
",[Fiona wants to prepare dinner for Chris. She is thinking of Tina's tart. She will help her make it.],4339,samsum,en,,47690e4efc6cc108d2920cbf7d115b69f373c18e1e4e8327,119,1,28932.491938649,"Fiona is trying to prepare a nice dinner for Chris and wants to make Tina's tart, but she bought the crust and made a mistake with the filling, ending up with lemony scrambled eggs.",0.5226177740005369,1.1690987149995635,64.96711246443881
"Dialogue: Christie: how are you after the party?
Katie: really tired... and you?
Christie: same
Christie: the party was great!
Katie: Yeah, we had fun! :)
Summary: ","Dialogue: Leon: How many beers today?
Ronnie: 4 for me
Rory: ...
Rory: Ronnie... you've already had 4 today...
Ronnie: and so what?
Leon: Ok
Leon: :D
Rory: You're going to be a father in less than a month
Leon: 3 for me then
Ronnie: yes i am :)
Summary: Ronnie is a father-to-be. He's already had 4 beers today and will have another 3. Leon also will have 3 beers.
Dialogue: Luis: Hey you, happy Saturday
Grace: Hold on, I’ve got to finish washing the dishes
Luis: What did you do over the week?
Grace: I’ve been busy with my work. Lots of important stuff to do ☹
Luis: You rock, Grace!
Grace: Thanks. I’m proud that I’ve wrapped up the project. Lots of stress, sleepless nights, but we made it! Our boss is gonna be absofuckinglutely overjoyed!
Summary: Grace has been busy at work. Luis reckons Grace rocks.
Dialogue: Peter: You got a new car bro?
Danny: Who? me?
Peter: No, noo, Tim
Tim: No man, that's my business car, they finally assigned me one
Peter: Oh:D gotcha, nice ride dude!
Tim: Yeah well, we will see how much it will cost me
Peter: Company doesn't pay?
Tim: It does but only for servicing, I cover gas and stuff 
Danny: Ouch, not the best deal, bro, mix out of it
Tim: Can't, I'm gonna have some new stuff to do that I need car for 
Danny: They're screwing you man, big time
Tim: What can I do, I need this job now 
Summary: Tim got a new business car but has to cover everything except for servicing. Danny suggest it's not the best deal. Tim needs the car and the job.
Dialogue: Melanie: Lauraaa
Laura: :O
Melanie: Mike proposed to me!!! :D
Laura: :O WOOOOW!!! <3
Melanie: :D
Laura: I'm so happy for you :D
Melanie: Thank you, dear :D
Summary: Mike asked Melanie to marry him. Laura is very happy for her.
Dialogue: Darrell: I love you <3
Frannie: I love you too <3
Darrell: That I will never understand, I'm a fat ugly bastard XD
Frannie: Oh come on, not true :D ;) <3
Summary: Darrell and Frannie are in love with each other. Darrell seems surprised that Frannie loves him, even though he is overweight and is not too handsome.
Dialogue: Mary: Son, are you awake?
Mary: Carlos.
Mary: Carlos!!!!!!
Mary: Heeellloooo! Anybody there???!!!!
Carlos: What's up, Mum?
Mary: Thanks God, are you OK? I was worried.
Carlos: Mum, I'm a big boy. Wantes sth special?
Mary: Check out the iron, please. I think I might have not put it off.
Carlos: Ok. 
Carlos: It's ok. 
Summary: Mary was worried that Carlos was not responding to her messages. Mary was asks Carlos to check the iron. The iron was ok.
Dialogue: Carol: Hey girl!! 
Carol: I'm going to throw a fancy dress party!! :)
Flora: Oh my god!! Really??
Flora: What's the occasion?
Carol: It's for my friends graduation, you know her 😉
Flora: Sounds super!! When and where??? Have you decided on the theme yet?? 🎉
Carol: No, not yet! But I'm thinking 70's or 60's disco theme.. whoop whoop!! 🙌
Flora: Oh wow!! That would be sooo coool!!! I have the perfect outfit hehe 🎶🎶✨✨
Summary: Carol invites Flora to a 70's or 60's disco themed graduation party. 
Dialogue: Henry: hey any plans for tonight?
Louis: hmm not really ? why?
Henry: i was thinking lets meet
Louis: ohhh.. i will just confirm what time by the way and who else is joining?
Henry: for now Ron, me , Chris and Harris
Louis: good i will just confirm,
Henry: Sure
Louis: hi.. i just confirmed i am available would join you guys. whats the plan 
Henry: we are planning to go to play snooker first then dinner.
Louis: sounds great. 
Henry: we are planning to meet at your place first and then go in one car would that be ok?
Louis: absolutely no problem.
Henry: we chose your place because there is alot of parking space. so we all can leave our cars there.
Louis: yeah no problem.
Henry: ok see ya then we will be there around 8pm.
Louis: Sure, or if you guys want we can watch movie here at my place?
Henry: let me just ask everyone, would let you know then.
Louis: Sure.
Henry: i just confirmed with everyone they would love to watch movie but they think it will be very late then after dinner and its a working day tomorrow? 
Louis: oh ok no worries see you guys then
Henry: sure bye
Louis: bye
Summary: Henry and Louis arranged the meeting for tonight. Ron, Chris and Harris will join them. They plan to play snooker and have dinner. They will meet at 8pm at Louis's place, because there is a lot of parking space. Louis wants to watch movie at his place after dinner, but it's too late for his friends.
Dialogue: Eva: Hey Bro!! I need your car for tomorrow..
Jim: Oh Eva.. I have a commitment tomorrow with my boss.. I am taking him to a dinner..
Eva: Oh brother.. You know that father won't give me his car.. You can take father's car..
Jim: Eva!! why do you need it..
Eva: We, friends have planned a road trip to Barcelona.... Please Brother!!!
Jim: Okay Eva.. But this is the last time i am helping you in your nonsense trips ..
Eva: YES!! you are the best brother anyone can have..
Jim: This will be the last time.. Remember that
Summary: Jim lends Eva his car and takes dad's car. This is the last time he helps her. 
Dialogue: Steve: So how did the LARP go?
Bo: That might take a while. 
Steve: I'm listening. 
Bo: in general it was ok and i don't regret going, but there's a lot of things to work on. Like logistics - there was just chaos at every step before the larp - we didn't know where to go for accreditation, the organizers contradicted themselves several times
Steve: sounds bad
Bo: and there was a several hour delay at the beginning 
Steve: not encouraging
Bo: Yeah, but once it started it got better. You have to give it to them they really put a lot of effort in the props, the set and the costumes for npcs
Steve: any pictures?
Bo: I have several hundred actually, but I have to sift through them, so I'm just gonna upload them in a couple of days 
Steve: ok
Bo: and other players where generally good. Made a couple of friends there actually 
Steve: nice, do they larp outside their area? Maybe they could come to us sometime. We need some fresh blood. 
Bo: yeah, they're definitely interested and I'm pretty sure they have no problem traveling across the country for larps. 
Steve: great to hear
Bo: yeah, anyway there was also a group of orcs - I think they all new each other beforehand - and they were getting shit-faced every night, making lewd comments to girls and generally being assholes to everyone. 
Steve: shit, did you tell the organizers? 
Bo: yeah, I did, quite a few times, and they supposedly talked to them, but it didn't help at all 
Steve: too bad
Bo: if it was my larp I'll just kick them out and ban them from other events right after the first night of this shit
Steve: totally
Bo: And that was another thing I have a problem with - the organizers just weren't assertive enough with them. If a player ruins the game for everyone else you just kick him or her out, simple as that
Steve: You can always give them feedback about all this
Bo: I already did, cause they obviously put a lot of effort into this and just have to fix some things until next year. 
Summary: Bo went to a LARP. There were some mistakes on the organizers' part, but in general it was okay. Bo has pictures from the LARP which he will upload soon. Bo made some friends at the LARP, but a group of players was behaving badly. Bo will give feedback to the organizers. 
Dialogue: Nadia: I started watching Russian Doll but I'm afraid it will be like the groundhog day
Jolene: i love the groundhog day!
Nadia: me too but I don't want the show that's just a rip-off
Jolene: I think it's good, the reviews are very good
Nadia: if it's gonna end in the same way I'm gonna be so pissed off
Jolene: lol
Jolene: calm your tits, it's just a show
Summary: Nadia is watching Russian Doll and is afraid that it will be a rip-off from Groundhog Day. 
Dialogue: Noah: Guys, you won't believe what an experience I had today
Nicolas: don't tell me, have you really seen the whales?
Paul: No way!
Noah: yes! we went sailing and whales were all around our boat at some point
Nicolas: Wasn't it scary?
Noah: not at all. The most most amazing experience of my life
Noah: Marry was even crying
Marry: it's true, it was unforgettable
Paul: how beautiful! you're so lucky, guys. I don't know anybody, who would see them so close.
Nicolas: you have to tell me when it was exactly, I want to try again. Last year we went there and nothing happened. 
Noah: I'll give you the exact position
Nicolas: perfect!
Paul: any pics? we need evidence!
Noah: <file_photo> <file_photo> <file_photo>
Paul: amazing!
Summary: Noah shares the photos of the whales they saw while sailing today. It was so moving Marry shed some tears. Nicolas needs their exact coordinates to he can try as well. He tried last year but didn't see any.
Dialogue: James: could i borrow 100 bucks?
Kathleen: what for?!?!?!?!?!
James: i lost a bet and i need to pay up today
Kathleen: you shouldn't be betting, much less if you don't have money! 
Kathleen: i'm sorry but i don't want to be a part of this
Summary: James wants to borrow 100 dollars from Kathleen. She refused to do that.
Dialogue: Brian: have you seen Ray today?
Anastasia: not me. he was not at the uni today
Tim: I saw his yesterday. he looked no good. why?
Brian: nix. just tried to reach him. hes out all day
Anastasia: might be sick in bed
Brian: yeah, i guess you're right
Summary: Ray wasn't at the uni today, Anastasia thinks he might be sick in bed. 
Dialogue: Yohannes: What's up everyone
Jake: Nothing much 
Jackie: Going home, Im tired after classes 
Yohannes: I see 😐😐
Yohannes: I am hungry, dunno what to eat\
Jake: Wanna head off to Alexander's 
Yohannes: Not a bad idea 
Jake: I will stop by your room in a bit
Yohannes: K 
Summary: Jackie is going home. Yohannes is hungry. Jake offered Yohannes and Jackie going to Alexander's. Jake will meet Yohannes in a bit.
Dialogue: Love: The party was awesome!
Jesus: Oh yes 
Armstrong: What did I miss?
Jesus: So much!! 
Summary: Love and Jesus were at the awesome party. Armstrong missed it.
Dialogue: Anthony: Hello my dear Helen! After all these happy-new-year greeting it's time for a recap. Here is a bit of a pictorial review of my year (well holidays really) - interested?
Angela: Great to hear from you again and so soon. Sure I'm interested.
Anthony: Starting with kayaking in May, including Hetty, Ken, Joss (Hetty’s son) and Sarah on the team-sheet.
Anthony: 5 day’s kayaking, where we paddled from the North Sea to the Atlantic Ocean, along the Caledonian Canal in Scotland. It is mainly Loch Ness and three smaller lochs, joined up by canal sections, and is about 65 miles long.
Angela: Ant the weather? Scottish?
Anthony: It was the most perfect weather ever (we have had that sort of a summer).
Anthony: <file_photo> and the most stunning countryside.
Anthony: <file_photo> The head of Loch Ness where we wild-camped in an idyllic bluebell glade. Yes this really is Scotland!
Anthony: <file_photo> Me being inert on Loch Lochy.
Anthony: <file_photo> And with Joss and Sarah.
Angela: Wait a sec!
Angela: I don't understand kayaking in these flimsy objects.
Anthony: They aren't flimsy having polyethylene hulls.
Anthony: And some photos from our sailing trip in The Hebrides:
Anthony: <file_photo>
Anthony: So my sailing trip was back to the Hebrides, but this time to the northern part. Again the weather and scenery were perfect.
Angela: Can't believe it! Looks absolutely stunning.
Anthony: In August I spent 23 days along the Silk Road, from Kyrgyzstan, into western China, then Takikistan and Uzbekistan:
Anthony: <file_photo>
Anthony: <file_photo> One night I woke up in my Yurt, to find this kitten snuggling up to me.
Angela: Looks as if you were about to take it along with you.
Angela: Did you sleep in yurts?!
Anthony: A marvellous trip through some amazing cities, and spectacular mountain scenery in hotels, guest houses, “home stays”, and camping in Yurts.
Anthony: <file_photo> And finally over Christmas in Morocco with Sarah and Zof.
Angela: Zof again? I wish you did!
Anthony: With Zof and her boyfriend plus Denis I had a week cycling on the Sahara side of the High Atlas mountains in Morocco. The cycling was a bit boring, but we went to some great places and had a great trip.
Angela: Very impressive. Thanks for sharing!!!
Summary: Last year Anthony did a lot of travelling all around the world. He did kayaking, camping, sailing and cycling.
Dialogue: Kate: Mark, who is this Samantha texting you ?
Mark: Which Samantha. I know many of them
Kate: The one who wrote ""You are the sunshine of my life"" or ""I can't wait to see you again"" !
Mark: Sounds like song lyrics, no ?
Kate: Don't play stupid with me. Mark, you're cheating on me!
Mark: Kate, it was just a joke, it is only a colleague
Kate: And you're making love with your colleage ?
Mark: It was only once
Kate: John, I want to divorce
Summary: Kate wants to know what Samantha is texting Mark and sending him phrases like ""You are the sunshine of my life"" or ""I can't wait to see you again"". Samantha is just a colleague. Mark made love with her once. Kate wants a divorce. 
Dialogue: Maria: I wonder if I can substitute the buttermilk with almond milk! 
Maria: I am lactose intolerant!!
Joanne: buttermilk is usually used as a substitute for regular milk for lactose intolerance.
Maria: It is still made with milk though!
Maria: It should have lactose in it then!
Maria:  I am not touching milk products!!
Susan: Try one of the fermented milks but buttermilk should not bother you.
Summary: Maria is intolerant to lactose but she can safely use buttermilk or fermented milks.
Dialogue: Sue: Hey Rose, remember Melanie?
Rose: The one who's married to Peter?
Sue: Yeah. Remember a few years ago I told you she had a tumour? Well the cancer came back with a vengeance.
Rose: Oh, really? :(
Sue: I went to see her last Thursday. She's at a hospice now. She can't move, talk, see. 
Rose: Wow, that's horrible. Can she communicate at all?
Sue: She nods a little and makes a barely audible sound, so I think she understands when we talk to her. When I left that place I just broke down and cried. It's so awful.
Rose: Oh, man. Is there any chance of recovery? What do the doctors say?
Sue: I'm not sure, really. We're all hoping for a miracle. Just last summer I was able to communicate normally with her. It's unbelievable how tragic it is.
Rose: Doesn't she have like 3 kids?
Sue: Yeah, the oldest is 11.
Rose: Wow, that must be so tough on the family.
Sue: Yeah, Melanie's mother can't handle it, she doesn't visit her because she can't stand to see her in this state.
Rose: When are you planning on going to visit her next?
Sue: I will go this Friday.
Rose: Ok, I would like to go with you.
Sue: That would be nice. I'll call you Thurs and we can work out the details. Talk to later.
Rose: Ok, have a good night.
Summary: Melanie has cancer. She's in a hospice. She cannot talk but understands what is being said. She has 3 kids, the oldest is 11. Sue went to see her last Thursday. Next Friday Sue and Rose will go to visit Melanie together. 
Dialogue: Charlie: guys I had this idea of bookcrossing at the office so feel free to bring any book you want to get rid of
Odo: cool I have some I'd like to give away :)
Rebecca: so nice of you!
Stan: cool I think I'll find sth
Salvador: k
Summary: Charlie is organising a book exchange at the office.
Dialogue: Amanda: Today is Black Friday!! 
Rose: And?
Amanda: I'm just checking the crazy deals at Amazon!!
Rose: Capitalistic bullshit.
Mary: I'm not getting anything either.
Amanda: Are you serious? You can get stuff so much cheaper.
Rose: Stuff made by little undernourished Chinese hands?
Rose: No, thank you.
Amanda: And all the clothes that you wear? Don't be a hypocrite!
Rose: I stopped buying them. 
Rose: I'm not supporting modern day slavery!
Mary: I don't think these Black Friday deals are so awesome anyways.
Mary: I don't have time for this nonsense. 
Mary: Browsing the Internet all day, nah.... not for me... 
Summary: Amanda is excited about Black Friday deals and is browsing Amazon. Rose and Mary have reservations.
Dialogue: Shelly: Bt I don't have a story to tell. 
Ricky: Sure u do!
Tom: Yeah! There must have been a near-death experience in ur life ;)
Shelly: I don't wanna talk about it. 
Ricky: All right. We'll stop making fun of u. Will that help?
Tom: Promise.
Shelly: Fine. It was just b4 Xmas. 
Ricky: So a snow storm?
Shelly: Guessed it. I was doing some Xmas shopping. Presents and stuff. 
Tom: Last yr?
Shelly: No, 3 or 4 yrs back. And everything was fine until I came out of the shop. It was snowing so heavily I couldn't see a thing. Suddenly I felt someone pull my bag.
Ricky: Geez! The ppl!
Tom: I know!
Shelly: Turned out I caught on something and everything fell out of my bag. Snow falling, a real blizzard. Started picking up things, but lost some of them. And someone trod on my presents.
Ricky: Did u at least manage to get a taxi home?
Shelly: Not a chance. Went by subway. The only thing that wasn't impacted by the storm.
Tom: But u managed to find everything and didn't lose a thing?
Shelly: Fortunately, yes.
Summary: Shelly experienced a heavy snow storm just before Christmas, 3 or 4 years ago. Someone pulled her bag, walked over her presents and she started picking things up. She went home by the subway and fortunately didn't lose anything.
Dialogue: Silvia: hi, are we seeing each other tomorrow?
Lawrence: no, on thursday
Silvia: kk
Lawrence: what was my homework once again?
Silvia: gimme a minute
Silvia: just checked
Silvia: i wanted you to summarize the article about high-tech solutions
Lawrence: yeah, how long should it be?
Silvia: i'm pretty sure you wrote it down, find your notes from our last class
Lawrence: got it
Silvia: on thursday we'll focus on innovations and the future of technology
Silvia: it'd be good if you prepared some vocab to this topic
Lawrence: will do, boss
Silvia: good
Silvia: what time do you want to meet?
Lawrence: 4:30?
Silvia: I can come at 5
Lawrence: it's fine
Lawrence: 5 it is
Silvia: see you on thursday
Lawrence: have a nice evening
Silvia: you too
Summary: Lawrence's homework was to summarise the article about high-tech solutions.  He is meeting Silvia on Thursday at 5 pm and will focus on innovations and the future of technology. He should prepare some vocabulary to this topic.
Dialogue: Dorris: bremember to always pray and take care dear
Mendy: okay mum
Dorris: love you❤❤
Mendy: Love you too
Summary: Dorris wants his daughter Mendy to always pray and take care. 
Dialogue: Ralph: You still here someplace?
Mary: Bathroom!
Ralph: Oh! TMI!
Mary: Out in a sec…
Ralph: Take your time...
Summary: Ralp's looking for Mary, she's in the bathroom.
Dialogue: Cory: Here's a link to a language school near you <file_other>. Check if they have German.
Emily: Thanks! Will do!
Jem: <file_other> and here's another one! It's a bit further away, but has great reviews.
Emily: Thank you. Will check them out!
Cory: Good luck!
Jem: Maybe next time we'll be speaking German ;)
Summary: Cory and Jem send Emily links to some language schools near her. Emily wants to learn German.
Dialogue: Amy: Did you know that Ryanair changed their bag policy?
Lisa: I know, last time I flew I took only a little backpack with me
Lisa: If you add a bag both ways it's not that cheap anymore
Amy: And you managed to pack in a little backpack...
Lisa: I'm a skilled traveller ;-)
Amy: You need to teach me how to do it
Lisa: Travelling will teach you. But I can give you a few tips
Summary: Ryanair changed their bag policy. Adding a bag both ways is expensive. Lisa will show Amy how to pack efficiently.
Dialogue: Luke: What is the best time to visit Mine?
Molly: I think early autumn to see all the colours
Luke: colours?
Molly: yes, there are very few conifers in New England
Molly: so in autumn you have this amazing brilliance of colours, from red to yellow and everything between
Luke: sounds nice!
Molly: <file_photo>
Luke: wow, very beautiful
Molly: yes, go there in late September
Summary: The best time to visit Mine is early autumn, when the trees are full of colours.
Dialogue: Simon: I thought of the same thing...
Simon: People who want a kid for a day...& and parents who want a day off...
Danie: <file_gif>
Simon: But 'Rent a Kid' can be misconstrued... 😱Best leave it there!🙈🙊
Simon: <file_gif>
Danie: Yeah... and I'm pretty sure most parents are funny about lending their kids out to strangers...
Simon: Though I still suggest it to Becky when one of them kicks off... 
Simon: I get the angry face and the idea gets shelved for the next tantrum. 
Simon: Now in worried, if the tantrum is really bad and Bex says yes... what to do!?! ...lol
Danie: call me 😜
Simon: I will 😊
Summary: Sometimes Simon gets tired with parenting and jokes about letting someone rent his children for a day. Danie offers to do it.
Dialogue: Tatiana: Gabey, could you send me that picture from New York again?
Gabe: Ok, give me a minute
Tatiana: Ok
Gabe: <file_photo>
Tatiana: Wow! Thanks
Gabe: You're more than welcome
Summary: Gabe has re-sent a photo from New York to Tatiana.
Dialogue: Martha: I bought a cow
Penelope: WHat?
Lola: Why?
Lola: Where are you going to keep it???
Martha: In my garden
Martha: I will have fresh milk every day
Martha: And I will make cheese
Lola: Do you even know how to milk a cow?
Martha: What's so difficult about it?
Martha: I've already picked up a name
Martha: Mathilda 
Martha: It's a good name for a cow
Lola: Do you know that cows shit a lot?
Summary: Martha bought a cow. She named it Mathilda.
Dialogue: Magda: Hey, any ideas for Jo's birthday next week?
Mary: She is tough. you know teenagers, every month something new is cool...
Magda: I know, that's why I'm asking you. 
Mary: no clothes, t's better to give her money and let her choose for herself. Jewlery too. 
Magda: a book?
Mary: come on, when did you see her reading a book?
Magda: yyy, never?
Mary: exactly, I was thinking about do-it-yourself t-shirts.
Magda: you mean some fabric paints and a selection of blank t-shirts?
Mary: precisely. would tickle hest artistic soul and make clothes unique. fits with changing styles every month. 
Magda: great idea, dibbs!
Summary: Mary advised Magda to get do-it-yourself t-shirts for Jo's birthday.
Dialogue: Omarosa: Actually I am so glad
Omarosa: We don't have that much work to do this week
Lindsey: I agree
Lindsey: In February tho...
Omarosa: Oh no don't talk about feb 
Lindsey: xd
Lindsey: I wouldn't get too relaxed for now 
Summary: Omarosa and Lindsey don't have too much work this week, but February will be busy for them. 
Dialogue: Freya: i need advice girls
Amelia: What is it?
Olivia: Yeah?
Freya: <file_photo>
Freya: or
Freya: <file_photo>
Amelia: :D the black one!
Olivia: definitely the red one
Freya: thanks -.-
Amelia: at your service!
Olivia: you're welcome :D
Summary: Amelia votes for the black one, whereas Olivia - for the red one.
Dialogue: Clark: hi there
Matt: hi
Clark: have you seen new Thor?
Matt: of course
Matt: it's great
Clark: i think it's the best one
Matt: yeah, only fights without this stupid woman
Clark: but it was nice to look at Natalie Portman
Matt: ofc but the story was too sweet because of her
Clark: yeah, Hela wasnt so cute
Matt: hahaha not at all
Clark: i liked this sarcastic humour
Matt: yeah i was funny
Clark: this part with 'get help' xd
Clark: honestly, this was the funniest Thor movie
Matt: do you know if they plan next one?
Clark: haven't checked
Matt: so i will
Clark: let me know if you find any info
Summary: Clark and Matt are sharing their opinion about the Thor movie.
Dialogue: Chanel: Be prepared!
Kimi: thank god i have a pedi tomorrow.. :P
Jen: sweet lord!!! im already scared haha
Chris: (Y)
Dan: i would to, last time she spent 4 h in the salon
Chris: girls... i will never understand them
Jen: guys its just pedicure, you should try it sometime, its unisex ;)
Summary: Kimi is having her pedicure done tomorrow. Dan and Chris do not understand the need to take care of nails.
",[Christie and Katie are tired after the party. They both had fun.],4381,samsum,en,,304f4ae8cfd2d8a77310d0c7e9b9c910713b1c36492ef660,31,1,28933.680358406,"Christie and Katie are both tired after the party, but they had a great time.",0.5225732830003835,0.8444103580004594,62.14324437293399
