,dataset,index_in_dataset,context,question,reference_answer,answer,ttft,finish_time,throughput
0,qmsum,0,"Project Manager: So
Marketing: So {disfmarker}
Project Manager: I hope you're ready for this uh functional design meeting .
Marketing: Of course . {vocalsound}
Project Manager: Um so I will take the minutes you mm you three are going to do presentation . Um uh we want to know {disfmarker} to {disfmarker} at the end to know the new project's requirement so we need uh to know the the user uh needs that we want to fulfil to fulfil the {disfmarker} from the technical part we want to know how it going to work and um third part {vocalsound} uh I don't remember {vocalsound}
Marketing: {vocalsound} {vocalsound}
Project Manager: which is not very good . Ah of course , how to to design this uh this {disfmarker}
Marketing: Nice stuff {vocalsound}
Project Manager: {vocalsound} yeah . So um let's go for the three presentations , so first um Marketing Expert .
Marketing: {vocalsound} Who starts ? {vocalsound} Oh . Ha . okay .
Project Manager: So wait a minute . Mm .
Marketing: So I dunno if I can do that like this ? Yeah ? So it's being modified . Do you want {disfmarker} yeah , open . Read only . I hope I saved it . {vocalsound}
Industrial Designer: {vocalsound}
Marketing: So , um
User Interface: Sammy Benjo . I know this name uh .
Marketing: yeah , this is my name . {vocalsound}
Project Manager: {vocalsound} Sounds uh {disfmarker}
User Interface: {vocalsound} We met before .
Marketing: So as you know , you {disfmarker} I think you already know me , Sammy Benjo . I am the expert in marketing and I want to tell you about what people uh s want and uh like and dislike in remote controls , and I hope this is going to help you to to design it correctly . So next please . Uh-oh . {vocalsound}
Project Manager: Mm {vocalsound} uh .
Industrial Designer: Yeah , it is put F_ five {gap} .
Project Manager: Hmm .
Marketing: {vocalsound} Hmm .
Industrial Designer: The full page presentation , yep .
Marketing: Yeah maybe in the full page
Project Manager: Okay .
User Interface: F_ F_ five .
Marketing: because i I spent lots of time doing this presentation , so .
Industrial Designer: Yeah . Yep .
Project Manager: F_ five .
Industrial Designer: Yeah .
Marketing: Uh-huh hmm okay .
Project Manager: Mm-hmm . Mm .
Marketing: So basically uh what I suggest is that uh instead of deciding ourself what what could be and what should be a good uh remote control , let's ask people who are users of remote controls how they feel about w the current remote controls , what they like , what they don't like and um and what they do with them by the way {vocalsound}
Industrial Designer: {vocalsound}
Marketing: because they are supposed to be useful . {vocalsound} Don't forget about that . So we've we've conducted a a survey on on the use of uh remote controls and I'd like to show you some of the results we found on this survey . And next please . Yeah , so basically what we found was that uh there are several things that the user don't like in remote controls . First of all , they find it very ugly . {vocalsound} Current remote controls as you know they're the same as this one uh they're not nice colour , not nice shape , I mean they're all the same , and they're not l good looking . Um what is interesting is that in fact it seems that they were {disfmarker} people are ready to pay for nice and look {disfmarker} and fancy looking uh remote control , so I think we should probably spend lots of time in {disfmarker} and effort in that um . And the other thing is that uh the the current remote controls are not so easy to use and it it {disfmarker} the the current uh facilities that they offer do not match what people really want to use their remote controls . For instance uh we see that uh they zap very often so I think this is a very uh important uh functionality that it should be easy for them to to zap uh in one way or another . And most of the buttons uh on uh current remote controls are not used , so I think we should design something where some of the buttons which are those that are used should be easier to see and use than others that only a couple of people are using . Um next please . {vocalsound} Now {vocalsound} people are very frustrated w with their {vocalsound} remote controls
Industrial Designer: {vocalsound} {vocalsound}
Marketing: and they for instance uh they don't even find it {vocalsound}
Project Manager: {vocalsound}
Marketing: it's {vocalsound} it's often lost somewhere in the in the {disfmarker} in your home and nobody knows where it is .
Industrial Designer: Yeah .
User Interface: Agree .
Marketing: Maybe if we have something where we could {vocalsound} ask the remote control please , where are you ?
Industrial Designer: Yeah .
Project Manager: {vocalsound}
Industrial Designer: {vocalsound} Yeah .
Marketing: {vocalsound} Like uh something to to {disfmarker} like t I think phones . Some of the phones have some of this kind of s functionality . Uh of course phone you can always phone your phone
Project Manager: {vocalsound}
Marketing: but {vocalsound} you can't phone your {vocalsound} your remote control .
Industrial Designer: {vocalsound} You can {disfmarker} you are {gap} .
Project Manager: Why not ? {vocalsound}
Marketing: But why not ? Yeah .
Industrial Designer: {vocalsound}
Marketing: And because of the fact that there are so many buttons in these remote controls that nobody use ,
Industrial Designer: Hmm .
Marketing: in fact they don't even know how to use them , so most of the the people say they they don't know how to {disfmarker} they {disfmarker} to use properly their r remote controls . And uh they are bad for R_S_I_ but uh I don't remember what is R_S_I_ .
Project Manager: {vocalsound}
Industrial Designer: {vocalsound}
Project Manager: {vocalsound} Okay uh tha that's look great .
Marketing: {vocalsound} So I think they are bad . {vocalsound}
User Interface: {vocalsound} R_S_I_ mm-hmm .
Industrial Designer: {vocalsound} {vocalsound}
Marketing: Mm-hmm . Mm nobody has any idea about that ? Well I'll check uh with my
Industrial Designer: Yeah , it's electromagnetic waves or something kind of maybe uh effect .
Marketing: Oh , okay ,
User Interface: No , I don't think so .
Marketing: I think it's a technical thing
Industrial Designer: Yeah ,
Marketing: which our {disfmarker}
Industrial Designer: because infrared uses some electromagnetic technology ,
Project Manager: Mm-hmm . Okay .
Marketing: Okay .
User Interface: Okay .
Industrial Designer: and those waves have high {disfmarker}
Marketing: So , it seems that {vocalsound} it's a lot of people for a concept that we don't know {vocalsound}
User Interface: But twenty six percent , do you know {disfmarker}
Project Manager: {vocalsound} Or something we don't know . {vocalsound} Mm-hmm . {vocalsound}
Industrial Designer: Uh .
User Interface: Twenty five . {vocalsound}
Industrial Designer: Uh .
Marketing: but we have to take this into account .
User Interface: Every fourth , you know . {vocalsound} Every four {disfmarker} some of us knows .
Industrial Designer: Yeah it's {disfmarker} People really {vocalsound} {disfmarker}
Marketing: {vocalsound}
Project Manager: {vocalsound} Okay .
Marketing: So anyway
User Interface: One of us {disfmarker}
Marketing: that's for what the biggest frustration uh of the user and um
Industrial Designer: Yeah . Yeah .
Marketing: what else do I have ? Next slide ? Ah yeah .
User Interface: Mm-hmm .
Marketing: So we've listed a couple of uh
User Interface: Functions .
Marketing: s uh functions that may be uh used by u the user in the current uh available uh remote controls and uh well the tables look very nice to read but what is important is to understand that the power button is not used often because in general you {vocalsound} use it only once per session , but it is very relevant . {vocalsound}
Project Manager: {vocalsound}
Marketing: People want to have a power button . Channel selection is uh o often used {disfmarker} very often used and indeed uh very relevant .
Project Manager: {vocalsound}
Marketing: {vocalsound} Ah {vocalsound} now I remember what is R_S_I_ {vocalsound}
Project Manager: {vocalsound}
Marketing: it's repetitivity stress injury . {vocalsound} We have to be careful with that word but {vocalsound} uh anyway
Industrial Designer: Uh .
Marketing: I continue my presentation so {disfmarker} yeah ,
User Interface: {vocalsound}
Marketing: channel selection is um very important , very often used . Volume is not often used but people uh want to have control on volume and that makes sense of course . And n then you have things which are very much less often used like the settings . Audio settings , screen settings , even teletext and channel settings . All of them . they're not often used and they are s more or less relevant . It seems that people find teletext teletext uh relevant , even if I personally never use it but seems that it's average relevant at least , so .
Project Manager: I have been told that we uh don't consider teletext , that it's out of date now because of internet .
Marketing: I can tell you that uh in a l in a scale between one and ten relevant uh not relevant to relevant people scored a six on this , which is not as uh these these two one were {disfmarker} had I think ten I think .
Project Manager: Mm-hmm .
Marketing: But but if you compare with these ones , uh I think they scored a one or two .
Industrial Designer: Hmm .
Marketing: Not very relevant , so if if there are good reason not to put teletext it's okay but just know that people find it somehow relevant .
Project Manager: Mm-hmm
User Interface: Mm-hmm .
Project Manager: {vocalsound}
Marketing: That's for the main functions I think and uh then we can ask uh ourself uh what people don't have that may be useful . For instance I think {disfmarker} net next slide . {vocalsound} One of the thing {disfmarker} the trend uh that uh you are probably aware of is the possibility {disfmarker} the eventual possibility of having speech recognition in your remote control , so you wouldn't have to tap tap in your buttons but just tell your remote control or whatever you need you have what you want . So we've conducted a survey about uh whether people would like or not to have uh this kind of uh functionality in their remote control and as we can see it really depends on the age . Young people , probably because it's a buzz word , find it very relevant . And uh as the age goes up {vocalsound} the {vocalsound} the relevance goes down .
Industrial Designer: {vocalsound} Yeah .
Marketing: {vocalsound} So now it really depends on the kind of uh targeting uh wha who are we targeting with this remote control ?
Industrial Designer: 'Cause {disfmarker}
Marketing: I think if we are targeting young people then uh it's probably something we have to consider . If we are targeting you very old people this is something they really don't know why they {disfmarker} this should be so now
Project Manager: Mm-mm . Okay .
Marketing: this is of course , depends on that . And um I don't have any conclusion , I didn't have time the meeting was very tight , so that's basically my findings . And uh , if you have any question ?
Project Manager: Mm I think it's good , okay . You done a good review .
User Interface: I got one question ,
Marketing: I can go back .
Industrial Designer: Thank you .
Marketing: Yeah one question ,
User Interface: uh you are a Market Expert
Marketing: yeah ?
User Interface: so
Marketing: I am . {vocalsound}
User Interface: should we aim at the young people or not ?
Marketing: I think we should aim at the young people . But uh I think they are {disfmarker} they are those uh who might be more interested in a in a new device .
Industrial Designer: Mm .
Marketing: In general the the early adopters of a new device are young people , less than {disfmarker} more than {disfmarker}
User Interface: Okay , then teletext is used less .
Industrial Designer: Mm .
Project Manager: Mm-hmm .
Marketing: Then teletext is useless for them I think ,
User Interface: Okay .
Marketing: yeah . Because they they have other means of finding their information . Yeah .
Project Manager: Mm-hmm mm mm . Okay .
User Interface: Mm-hmm . Mm-hmm .
Project Manager: That's good point .
Marketing: But {disfmarker} yeah . Nope .
Industrial Designer: Mm , yep .
User Interface: Mm . Okay .
Project Manager: Okay .
Marketing: 'Kay ?
Industrial Designer: Thank you .
Project Manager: So um now I think it's the turn of the the {disfmarker} {vocalsound} I'm not sure um {disfmarker}
Marketing: {vocalsound}
Project Manager: Of the technical function , so {vocalsound} uh
Marketing: So I think it's you , huh ?
Industrial Designer: Uh it's
Marketing: No ? {vocalsound}
User Interface: {vocalsound} That's me .
Project Manager: what effect {disfmarker}
Industrial Designer: techni function of {disfmarker}
Marketing: No , user requiremen
Industrial Designer: Yeah .
Project Manager: Okay . Wait a second .
Marketing: {vocalsound}
Project Manager: Argh .
Industrial Designer: I have to do working design so uh
Project Manager: So you're {disfmarker}
User Interface: That's {disfmarker} but this but number three , yes . Mm-hmm . So , my name is Mark Dwight , and um I am responsible for User Interface Design .
Marketing: {vocalsound}
User Interface: However , uh mm Project Manager asked me to give you some presentation about technical functions design . Uh , as I'm a more an artist
Marketing: {vocalsound}
Project Manager: {vocalsound}
User Interface: that's gonna be less technical functions but more User Interface and current intentions and everything which is linked with this .
Project Manager: Okay . Let's go .
User Interface: So next slide please . And uh a general method which is {disfmarker} seems to be very useful for our task
Marketing: {vocalsound}
Industrial Designer: Mm .
User Interface: is not to forget about uh Occam razor . We should never complicate things too much . We should only make a remote control , nothing more . Nothing more than this , just a remote control .
Marketing: {vocalsound}
Project Manager: {vocalsound}
User Interface: 'Cause current remote controls they are never easy enough to use .
Marketing: Makes sense . {vocalsound}
User Interface: So , make a click , please . So here is this remote control .
Marketing: {vocalsound}
Project Manager: {vocalsound}
User Interface: It's quite a standard one , but it's not from a T_V_ , it's from a much easier device like air conditioning or something . But you know , we can use it for a T_V_ easily . Only buttons we need is on off , volume , channels and maybe some options or something else , and please make a click , compared to this one
Marketing: {vocalsound}
Industrial Designer: {vocalsound} It's {disfmarker}
User Interface: which one would you prefer ? I guess this .
Industrial Designer: Yeah , yeah .
Marketing: I would say the simplest one as long as there are the uh {disfmarker} I find the buttons that I need every time I need a button .
User Interface: Sure , sure .
Industrial Designer: Yeah .
Marketing: {vocalsound}
Industrial Designer: Maybe it can be yeah middle of {disfmarker} like , between those two
User Interface: Yeah , and our method is going to be , provide simple
Industrial Designer: li
Project Manager: Oh sorry . {vocalsound}
User Interface: simple desires into simple actions .
Marketing: Nice . Nice sentence .
User Interface: Findings .
Project Manager: Okay .
Marketing: {vocalsound}
Project Manager: Oh sorry .
User Interface: Our question of the style , we should remember that our company
Marketing: {vocalsound}
User Interface: puts fashion into electronics and we should never forget about it .
Marketing: {vocalsound}
Project Manager: {vocalsound}
User Interface: Concept .
Industrial Designer: {vocalsound} S you should {disfmarker} yeah .
User Interface: {vocalsound} Be simple . Be simple and you'll lean on this market .
Industrial Designer: {vocalsound}
User Interface: Market is a {disfmarker} of remote controls {disfmarker} you know it better ,
Marketing: Mm .
User Interface: it's very well , it's it's not an easy field to to play , you know ? So be simple .
Marketing: {vocalsound} {vocalsound}
User Interface: For personal preferences I think that to make a baby-proof remote control it got to be a titanium .
Project Manager: {vocalsound}
Industrial Designer: {vocalsound}
Marketing: {vocalsound}
User Interface: It's a really good style , it going to be {disfmarker} look like like this . It is unbreakable and it is very universal . W we'll have a screen with a back light which can change colours ,
Marketing: Mm-hmm .
User Interface: and we can put all the options into this screen . We'll need only few buttons . All the other things can be controlled through the screen . And all these buttons should be easy to find and to click , 'cause when you watch a movie and you want to change something , you always try to find a good button and click it , but you should do it by touching it and finding it easily just by touch . So {disfmarker} Press {disfmarker}
Project Manager: {gap}
User Interface: I would propose this concept for design , just few buttons , a screen with a back light which can change colours , titanium
Industrial Designer: Mm .
User Interface: I think , and uh what else ? I got just very few and good ideas . We need power and volume . And let us include two nice features into this device , first , power on and off can be made fully automatic . When you go to the sofa , take your control and point it to the T_V_ ,
Project Manager: It's off .
Marketing: Hmm .
Project Manager: It's on .
User Interface: the T_V_ turns on .
Marketing: And when does it turn off ?
User Interface: When you don't touch the control but you go out of the {disfmarker} For for enough time
Marketing: Oh so you have a
User Interface: like uh you {disfmarker}
Marketing: sensing {disfmarker} sensor machine that uh knows {disfmarker}
User Interface: It's a question to our technical design , our {vocalsound} two engineers .
Industrial Designer: {gap} {vocalsound}
Project Manager: {vocalsound}
Marketing: Tech {vocalsound}
User Interface: And another nice feature that I would like to implement is uh volume control . Suppose you set u you set up some volume and then you move out or you move to the other corner of the room and take your control with you . Like , you want to to change the chair or you want to move to the armchair from the sofa or something , and then the volume changes .
Project Manager: Or you want to go to the kitchen . {vocalsound}
User Interface: It's easy to do ,
Marketing: Mm-hmm .
User Interface: you just control the {disfmarker}
Marketing: According to your distance to {disfmarker} and the angle maybe , if you have a stereo system .
Industrial Designer: Distance .
User Interface: According to the distance . {gap} Yeah yeah yeah . So {disfmarker}
Marketing: Uh I'm not sure about the screen , wha what is the use usefulness of the screen ? Uh is it a touch screen by the way ?
User Interface: I think it can be just a menu which can be controlled with a left , right , up , down and enter .
Industrial Designer: Yeah .
Marketing: So it gives instructions but uh it has to be with an back light somehow . {gap}
User Interface: So , its main purpose in fact is a back light ,
Industrial Designer: Mm-hmm .
User Interface: which change colours ,
Marketing: Okay .
User Interface: which makes it easier to find , and each can {disfmarker} it can respond for your voice , like it can turn on the light for you just to f find it easily , yeah ?
Project Manager: Mm .
Marketing: Okay .
User Interface: So basically that's it .
Project Manager: {vocalsound} Um I see that you target uh several s application not only T_V_ but i like we talk about um universal uh remote control .
User Interface: Can be easily done ,
Project Manager: Yeah .
User Interface: 'cause you got simple designs , y we should put it to simple actions .
Project Manager: Hmm .
User Interface: Let it be universal , so you want to use it for your hi-fi system . You want to change tracks and you want to adjust volume .
Project Manager: Mm-hmm . {vocalsound}
User Interface: Just few actions , a few actions for everything .
Industrial Designer: Mm .
Project Manager: Hmm . S
User Interface: All the rest , we sh we'll put it into this menu on the screen .
Project Manager: Mm . Since we were targeting a really soon uh uh date for the the the um i issuing of this uh remote control I think we will only concentrate on T_V_ for the moment and then maybe m make it more generalised {disfmarker} yeah .
User Interface: Okay , okay .
Industrial Designer: Mm . Yeah and it {disfmarker} mm .
User Interface: Okay , but it's quite universal you know .
Industrial Designer: Mm .
User Interface: We can just extend it to any device .
Industrial Designer: Mm .
Marketing: So for instance if I want to go to {disfmarker} directly to channel twenty five , how would I do {disfmarker} can I do that with this ?
User Interface: Uh twenty five .
Marketing: Yeah mm let's say I am uh on channel eight now . You know these days we have hundreds of channels ,
User Interface: Mm-hmm .
Marketing: that's not so easy to go just next next next when you have hundreds of channels .
User Interface: {vocalsound} In fact I would propose another solution .
Marketing: Or is it ?
User Interface: Basically you use just four or five channels , right ?
Marketing: Most people {disfmarker}
User Interface: Yeah .
Marketing: yeah .
User Interface: So uh set up your T_V_ set like channels that you use they're one , two , three and five , and you will never have to go to a twenty fives channel .
Marketing: In fact in in one uh remote control that I've seen , instead of doing that d you could just say these are the cha ch channel three , twenty eight , forty eight and uh sixty four are those that I want to by cycled with my next button .
Project Manager: Yeah it's it's the same solution , I think . Hmm .
Marketing: I uh {disfmarker}
Industrial Designer: Yeah .
Marketing: B yeah .
Industrial Designer: But even we can have some uh L_C_D_ display , like you can uh de you can just button the number
Marketing: Go to channel twenty five .
Industrial Designer: and then it go
Marketing: One thing is that as I said in my presentation people really do like to z zap .
Industrial Designer: t because {disfmarker} Yeah .
Marketing: So even if they are only watching four or five channels , I think they want to zap out of the one hundred channels ,
User Interface: Mm-hmm .
Industrial Designer: But still {disfmarker} Yeah .
Marketing: just because this is one kind of thing they do , zapping .
Project Manager: Yeah uh on zap it's only next next next next next , yeah .
Industrial Designer: Yeah .
Marketing: And it's only next .
Industrial Designer: Yeah .
Marketing: Yeah
User Interface: Mm . We got these buttons here . Next next .
Marketing: so {disfmarker} but you have to {disfmarker}
Project Manager: Mm-hmm .
Marketing: Okay .
Industrial Designer: Yeah. .
User Interface: Or say this can be back .
Industrial Designer: Yeah . But otherwise like we can put some display on numbers and then they can just press {disfmarker} suppose two five they just press two and five
Marketing: So it would be {disfmarker}
Industrial Designer: and then {disfmarker}
Marketing: Okay .
Project Manager: Maybe we can make uh different modes for each button
Industrial Designer: Yeah .
Project Manager: and you can change mode {disfmarker} zapping mode or
Industrial Designer: Yeah . Yeah , yeah .
Marketing: Mm-hmm . Alright .
Project Manager: uh current chan
Industrial Designer: Yeah , yeah . Yeah but since we are focusing only on T_V_ remote controls
Marketing: {vocalsound} Listening more .
Project Manager: Yeah .
Industrial Designer: so we can have more functions for T_V_
Marketing: Mm-hmm .
Industrial Designer: uh if you want to go for a universal then we ought to limit for functions for each of our devices .
Project Manager: Mm-hmm .
Marketing: {vocalsound} Okay .
User Interface: Could we carry out some research if we w really need this , like how many people really need to go to channel number twenty five and then to sixty four ?
Marketing: Well I could could uh have a look at that {vocalsound} maybe .
Project Manager: {vocalsound}
User Interface: {vocalsound} Okay .
Industrial Designer: Yeah . Yeah .
Marketing: {vocalsound} I'll check in my department if there's someone specialist in that . {vocalsound}
User Interface: {vocalsound} Okay .
Project Manager: {vocalsound} Okay .
Industrial Designer: {vocalsound}
Marketing: Although I don't know . {vocalsound}
User Interface: Alright ? Thanks for your attention .
Project Manager: Uh you're finish ? Okay . So now {vocalsound} the technical aspects of this new device . Mm .
Industrial Designer: Two . Yeah , if {disfmarker} {gap} Sorry .
Project Manager: You prefer it {gap} . {vocalsound}
Industrial Designer: Yeah . Uh as you know , I am mister Ramaro . I am an expert in uh industrial design of all electronic devices and I previously devised many uh {disfmarker} like digital calculators and electronic calculators . {vocalsound} So now I'll briefly describe the working design of our remote control . Well , as you know the basic function of remote control is sending some message to the the device , like T_V_ or V_C_R_ or D_V_D_ player etcetera . So we will have a p portable device which will send message to the the main device like T_V_ . So we need to have some energy source to do what {disfmarker} to do the functions , what we want on this portable device . {vocalsound} And usually this {disfmarker} so to do these functions we need an interface , which basically some kind of pressing buttons or keys or like moving jack or something like that . And then these messages {disfmarker} these key buttons can be transferred into some kind of message and then it will process by the chip and then it will generate some information to the main device . It's generally in the form of infrared or some kind of s sensor information . Then we will have the main control in the main device to do the particular action what we want . So , basically we need uh since we are focusing on our interface device {gap} remote control mainly the energy source like the battery and then we have user interface like uh the keypad and you know buttons we want , and then we have some chip , it's mainly digital signal processing chip because since we are {disfmarker} I am one doing mostly digital uh devices we ought to have some kind of processor which take care of all these functions and put it in some digital format . And then we'll have the infrared L_E_D_ source which sends the information to the main device . Then we'll have switch in our main uh um device to do particular operations , and we ought to do different codes for different T_V_s ,
Project Manager: Mm-hmm .
Industrial Designer: so some T_V_s will have different encryption codes for doing s s uh channel changing and these things .
Project Manager: Okay . To make it quite uh an universal uh device uh .
Industrial Designer: Yeah yeah , because the people don't use one particular brand so
Project Manager: Mm .
Industrial Designer: or at least we have more more than five brands , which are really good .
Project Manager: Okay .
Industrial Designer: So we need to check their specifications and do their uh encryption that's passing information to the T_V_ device . So we need to have particular encryption codes .
Project Manager: Okay .
Industrial Designer: Then , components , so we have the main uh energy source and then we will have some buttons and then we will have infrared uh source and then we have some inside some chip in in the device . Uh since I don't have much time so I'll input the connections to all this components . And since I also want to know feedback from our Marketing Expert and User Interface ,
Project Manager: Mm-hmm .
Industrial Designer: so if you want to add some more components we can incorporate them .
Project Manager: Mm-hmm . And from from the discussion we had do you {disfmarker} can you make it on the whiteboard , or {disfmarker} mm .
Industrial Designer: Yeah . Yeah , I'm sure , because since our User Interface {gap} speech recognition and also Marketing Expert for the speech recognition is really handy ,
Project Manager: Mm-hmm . Mm-hmm .
Industrial Designer: so
Marketing: Mm-hmm .
Industrial Designer: we can have another , like uh s simple speech recogniser on our D_S_B_ chip .
Project Manager: Mm .
Industrial Designer: Since we have some kind of uh energy this is our this normal battery , so this battery , once you s switch on it will take power and we can have some speech recognition and in our g generally small digital signal processing chip so that and we will put uh the small uh simple speech recogniser
Project Manager: On {disfmarker}
Industrial Designer: and we can also train the speech recogniser for particular user so you just {vocalsound}
Project Manager: Uh train it , okay . Mm-hmm .
Industrial Designer: yeah , so that we just use simple recog
Marketing: Mm-hmm .
User Interface: {vocalsound} Too complex .
Marketing: {vocalsound}
Project Manager: {vocalsound}
Industrial Designer: no but but {disfmarker}
Marketing: But uh very very good to sell . {vocalsound}
Industrial Designer: Yeah . No , even in {disfmarker} you can find even simple mobile device like any mobile brand you can have these voice dialers or these things , yeah .
Marketing: Think of a all these young people who would love to say that this remote control only works for them ,
User Interface: Okay . Okay .
Industrial Designer: Yeah .
Marketing: and ha ha you cannot use my remote control ,
Project Manager: Mm . {vocalsound}
Marketing: because it's targeted to me . Whatever . {vocalsound}
Industrial Designer: Yeah .
Project Manager: And what about the price of this component ?
Industrial Designer: So {disfmarker} Uh maybe we can make uh it in five Euros and even less than that ,
Project Manager: It mm {disfmarker} okay .
Marketing: Hmm . Cheap .
Industrial Designer: because we want to have uh millions and in bulk ,
Marketing: Millions . {vocalsound}
Project Manager: Mm . {vocalsound}
Industrial Designer: so we can make really simp
Project Manager: Okay .
Industrial Designer: and we want to make really simple device
Marketing: Cheap .
Industrial Designer: because we have only very few words like like power , switch on or some like
Project Manager: Mm-hmm .
Industrial Designer: then we'll have something like this um we'll have volume and then we will have s particular channel , so users can listen .
Marketing: The user uh will just be able to say uh please can you uh pump up the vo pump up the volume
Project Manager: Mm-hmm .
Marketing: or or it will be something like volume , up , down .
Industrial Designer: Ye No , yeah , a user can use any kind of sender but they should have this prompt {gap} volume and then {disfmarker} {vocalsound}
Marketing: Okay .
Project Manager: With a keywords and {disfmarker} yeah .
Industrial Designer: yeah volume and decrease or increase , so we try to only recognise those words
Marketing: Okay .
Project Manager: Mm-hmm mm .
Industrial Designer: and and because we can't really say user to say same wording
Marketing: Couple of words .
Industrial Designer: then it become more mechanical and {disfmarker} yeah .
Project Manager: Mm-hmm .
Marketing: Okay .
Project Manager: Okay .
User Interface: Um .
Industrial Designer: And then we can have channel they can say , okay I want eight , because we don't know like users have different programmes , I mean they don't really follow same channels strict uh so we just want channel number ,
Project Manager: {vocalsound} Okay .
User Interface: {vocalsound} Okay . {gap} {vocalsound}
Industrial Designer: we don't want like B_B_C_ or C_N_N_ or something else
Marketing: Of course uh it has to be {disfmarker}
Industrial Designer: because it will be complicated so we'll have only these three uh main basic uh anyway volume is not really speech recognition problem ,
Marketing: Okay .
Industrial Designer: it's it it will be take care of our main {disfmarker} mm .
User Interface: No you know it's a conceptual question , 'cause now I see th this {disfmarker} the picture in front of my eyes like a user taking his remote control and shouting into it , volume up , volume up ,
Project Manager: {vocalsound}
Marketing: {vocalsound} But then I think you you {disfmarker} {vocalsound}
User Interface: and and he's coming {disfmarker} you know , he's really annoyed with this , down , up , down . {vocalsound}
Project Manager: {vocalsound}
Marketing: First of all I I think this is not uh functionality that it is going to be instead of using the buttons .
Project Manager: No , in no not only speech , yeah .
Marketing: It's on top of using the button .
Project Manager: {vocalsound} I it's an option .
User Interface: Okay , for this budget like twelve Euros .
Marketing: Well , I dunno . {vocalsound}
Industrial Designer: Yeah actually we we can have one switch to like uh switch on , on and off , this {gap} processor and {disfmarker} This really {gap} , suppose like here we have our main chip which controls power , volume and this part and this D_S_P_s .
User Interface: Mm-hmm .
Industrial Designer: Again , this to have some interaction like suppose people use D_S_P_ then it particularly sends some information to the chip like in some form , like volume and {gap} like this key .
User Interface: Okay. .
Industrial Designer: So it may not be like very expensive , because since we are only focusing on T_V_ remote control
Marketing: T_V_ .
Project Manager: Okay .
User Interface: Mm-hmm , mm-hmm .
Industrial Designer: so {disfmarker} and we have only few things here {disfmarker}
Project Manager: Sho to to train , okay .
User Interface: Did you consider the r gest uh gesture recognition ?
Industrial Designer: Yeah .
User Interface: Like , if I want to put volume up I like do {disfmarker} mm I take my remote control do like {disfmarker} something like
Marketing: {vocalsound}
User Interface: roll 'em up
Industrial Designer: Um uh uh this point we didn't consider
User Interface: or roll 'em down .
Project Manager: Mm .
Marketing: {vocalsound} Very expensive ,
Industrial Designer: because it's it's very expensive
Marketing: no ?
Industrial Designer: because v our target is only like twelve point five Euros
Project Manager: And well , what about the idea of automatic on off on the button , yeah .
User Interface: Mm why ?
Industrial Designer: and {disfmarker}
User Interface: That's just {disfmarker}
Industrial Designer: Yeah ,
Marketing: And volume control .
Industrial Designer: even automatic on off is also a bit problematic , because it {disfmarker} different criteria for different people like so suppose people are really uh they just uh they don't touch the remote and mm y you don't know how much time you need to switch on or switch off
Marketing: So but uh {disfmarker}
Industrial Designer: and {disfmarker}
Marketing: Sh should we target a a user personalised uh uh remote control ? So in in a given room there might be more than one remote control . We would uh have each one and uh with our own personal uh settings .
Project Manager: {vocalsound}
Industrial Designer: Yay yeah . Yeah that can be possible , especially for power settings , so user can say okay , suppose they're watching a tennis match or something then they can say okay uh after one hour I {disfmarker}
Marketing: Hmm .
Project Manager: Wouldn't that make uh {vocalsound} arguments ?
Industrial Designer: They can make {disfmarker}
Marketing: {vocalsound} Yeah , of course .
Project Manager: I want uh {vocalsound}
User Interface: {vocalsound}
Industrial Designer: {vocalsound} {vocalsound} Yeah we can have {disfmarker}
Marketing: {vocalsound} {vocalsound} That's no problem , we will sell more . {vocalsound}
Project Manager: {vocalsound} And we can increase this {vocalsound} the strength
User Interface: {vocalsound} We got a really good Market Expert .
Industrial Designer: {vocalsound}
Marketing: Yeah exactly .
Project Manager: {vocalsound} y you can buy one with {vocalsound}
User Interface: Let's send more , let's sell more .
Industrial Designer: Yeah . {vocalsound}
User Interface: Okay .
Project Manager: Mm-hmm . Okay . You have mm something else to say ? Uh .
Industrial Designer: Uh , not very much ,
Project Manager: No .
Industrial Designer: like {disfmarker} yeah .
Marketing: Okay . Thanks .
Project Manager: Okay , thanks .
Industrial Designer: Thank you . Yep . Thank you .
Project Manager: {vocalsound} So
Industrial Designer: Can you just {disfmarker} yeah .
Project Manager: mm
Industrial Designer: {gap}
Project Manager: mm I think , okay , we're just on time . Um mm mm . So , we're now going to l have the lunch break .
Marketing: Mm great . {vocalsound}
Project Manager: {vocalsound} Then we will work again for thirty minutes individual work , and um {vocalsound} we will uh meet again for the next meeting , and uh in this one want to to be more focused on the individual actions the um {disfmarker} on the components so {vocalsound} uh you will focus on the component concept um
Industrial Designer: Yeah yeah .
Project Manager: uh of course the U_I_D_ Mark will be uh focused on the user interface concept
Industrial Designer: Mark will {disfmarker}
Project Manager: and uh our m Market Expert Sammy Benjo uh on the trend watching . So {vocalsound} um of course like before specific instruction will be sent to you by your personal personal coach . Well I think that's all . And we have um maybe we have to {disfmarker} we say , only for T_V_ , not teletext ?
Marketing: {vocalsound}
Project Manager: Uh I think automatic on off control uh it's not possible .
Industrial Designer: Uh it's in current price , yeah .
Marketing: Difficult .
Project Manager: Yeah , maybe in the next uh step if we make it work um .
Industrial Designer: Yeah . But speech recogniser can be possible .
Project Manager: Yeah , implemented . O okay , we can think about that .
Marketing: Mm-hmm .
Project Manager: And um do you see something else ?
Marketing: No .
User Interface: Uh , should it be equipped with the uh , with uh speakers ?
Marketing: {vocalsound} Speakers in the remote cont
User Interface: Like , you want to find it , you shout
Marketing: Oh yeah .
Project Manager: Uh yeah
User Interface: control ,
Project Manager: that's {disfmarker}
User Interface: and it answers is I'm here ? Or {disfmarker}
Marketing: It just beeps .
User Interface: Just beeps ?
Marketing: That would be enough .
Project Manager: Or maybe you want to phone him .
Marketing: Something very cheap .
Project Manager: Since now all {disfmarker}
Industrial Designer: Yeah yeah yeah .
Marketing: But that's ex that's expensive . Uh .
Project Manager: yeah ? Think
Industrial Designer: Yeah , especially the power , it really consumes
Project Manager: Uh-huh .
Industrial Designer: because it should be all the time on and {disfmarker}
Project Manager: And uh {disfmarker}
Marketing: Well I I heard of devices where you just uh whistle them and and they {disfmarker}
Project Manager: And it's answered .
Industrial Designer: Yeah .
Marketing: because of the the frequency they they just answer to that .
Industrial Designer: Yeah .
User Interface: I can't whistle . No , no , I can't .
Marketing: You can't whistle . Uh-huh .
Project Manager: {vocalsound}
Marketing: Or a clap . You can clap . Can you ?
Project Manager: Clap clap clap it's a good {disfmarker}
User Interface: Mm .
Industrial Designer: Yeah .
Marketing: Clap is good .
Project Manager: I I think it's universal .
Industrial Designer: Yeah .
Marketing: Tak
Project Manager: {vocalsound} What about people without hand ?
User Interface: {vocalsound} Okay .
Marketing: {vocalsound} Just a {vocalsound} suggestion .
Industrial Designer: {vocalsound} Yeah I think it's good .
Project Manager: Yeah . {vocalsound}
Marketing: {vocalsound} With only one hand ? {vocalsound} {vocalsound} These are not our target people . {vocalsound}
Project Manager: Mm uh okay .
Industrial Designer: But it's a good feature I guess yeah we need to think about more how to incorporate it .
Project Manager: Mm-hmm . Okay .
User Interface: Just don't interfere with other devices like 'cause like all these people do that their lights are turning on with clapping .
Marketing: Mm-hmm .
Industrial Designer: Oh .
Marketing: Oh that's e that already exists
User Interface: Yeah , I got it at my home , like {gap} {vocalsound} .
Marketing: okay okay .
Project Manager: Mm-hmm .
Marketing: Oh yeah , you do have .
User Interface: Oops .
Industrial Designer: Ah it's {disfmarker} {vocalsound}
Marketing: Wow . You're trendy . {vocalsound}
Project Manager: Mm-hmm , so {vocalsound} let's to think s so that {disfmarker}
Marketing: Think about it .
Project Manager: yeah . I think that could be in the component uh concept uh .
Marketing: Yeah , okay .
Industrial Designer: Yeah .
Project Manager: It {disfmarker} yes . {vocalsound} Okay .
Marketing: Okay . Good
Project Manager: So ,
Marketing: we're done ?
Project Manager: yeah ,
Industrial Designer: Yeah .
Project Manager: let's go to lunch .
Industrial Designer: Thank you , thank you very much .
Marketing: Right , thanks .
Project Manager: {gap}",Summarize the discussion about the working design of the remote control.,"The industrial designer described the product as a portable device with some energy source, an interface which included some pressing buttons and keys, a processor, some infrared source which could send the information to the main device, and different encryption codes for different TVs. Since the Marketing and the user interface designer mentioned speech recognition, the industrial designer also took that into account. All these components would cost 5 Euros or even less than that. As for gesture recognition and automatic power control, the group gave them up due to price issues. At the end of the meeting, the group also talked about how to enable the users to find the controller.","The working design of the remote control will have a portable device that sends messages to the main device, such as a TV. It will require an energy source, like a battery, and an interface, like a keypad or buttons. The messages from the keypad will be transferred to a chip, which will process the information and send it to the main device in the form of infrared or sensor information. The main device will have a control to perform the desired action. The remote control will need to have encryption",2.130883567035198,14.75674599967897,7.999453545356844
1,qmsum,1,"Marketing: {vocalsound} That went well , thank you .
Project Manager: That's great .
Industrial Designer: {vocalsound} 'Kay .
Marketing: Perfect .
Project Manager: Alright , let me just PowerPoint this up . {vocalsound} {vocalsound} {vocalsound} Right so um this meeting will be about the conceptual design , don't ask me s precisely what conceptual design is , it's just something important that we need to do . Um , think of it {disfmarker} 's kind of uh turning the abstract into slightly more concrete . In this meeting ideally we'll come to some final decisions on what we're gonna do for the prototype . Um . Right so um , apologies for the last meeting , it was brought to my attention that I did not make the roles clear enough , um , so I will attempt to do so more accurately in this particular meeting . Um , fair enough , thanks for the input , 's always good . Um . So , basically all we're gonna do is have some presentations again much like last time , um , and gonna go through you , uh whoever wants to go first is f fine by me um and we'll collate what we know about um what we discussed in the last meeting , possible directions . {vocalsound} And then we'll make some more decisions on um basic uh firm up our idea on how we want this remote control to look and work . So , perfect . So , without th further ado , whoever wants to go first is free to .
Industrial Designer: I'll go first .
Project Manager: Alright Nathan ,
Marketing: Go ahead .
Project Manager: take it away . It is Nathan right ? I'm not calling you the wrong name over and over again ?
Industrial Designer: No Nathan's fine .
Marketing: {vocalsound}
Project Manager: {vocalsound} Good .
Industrial Designer: It's either Nathan or participant two .
Project Manager: {vocalsound}
Marketing: {vocalsound}
User Interface: {vocalsound} Mister participant two that is . {vocalsound}
Industrial Designer: Uh .
Project Manager: {vocalsound}
Marketing: Nice .
Industrial Designer: Okay . Um ,
Project Manager: Nice .
Industrial Designer: basically what I'm gonna have to talk to you about today is um component design and it's been brought to my attention that we may be somewhat limited as to what we can do because of what our manufacturer offers ,
Project Manager: Mm .
Industrial Designer: so {disfmarker} Basically what I'm gonna be doing is talking to you about that . Um , components of a remote control , okay . We've already kind of gone over this but we're gonna have to get into more detail and probably have to reach some conclusions some time soon . Energy source , um , our manufacturer offers a variety of energy sources , your standard battery , solar cells . Our manufacturer didn't say anything about lithium so we might have to look {disfmarker} if we do go that route , we might have to look elsewhere . Um , and also there's a kinetic energy possibility . Basically , it's like a um {disfmarker} the idea of moving the remote would create enough energy to keep it running . So that's one possibility but I don't know whether that would be powerful enough to illuminate a touch screen .
Project Manager: Hmm .
Industrial Designer: So we'll have to look into that .
Marketing: Mm .
Industrial Designer: Um , the case , we have a few options , plastic , rubber or wood . Um and then as far as the way it's shaped , we can do standard boring flat , which we probably don't wanna do , curved or very sexy double curved .
Project Manager: What kind of th thickness are we looking at ?
Industrial Designer: Um , I imagine that we could specify . Um , I don't see any reason to go outside of the convention of three or four millimetres . Yeah .
Project Manager: Okay , brilliant .
Industrial Designer: Um , the buttons , there are multiple scroll buttons available from our manufacturer , but to use those we'd have to use more chips , um and that would cost us more . And if we do go with the rubber doubled curved case um we'll have to use rubber push buttons because the other buttons aren't compatible with that .
Project Manager: Hmm .
Industrial Designer: Um and just a little note there ,
Marketing: Right .
Industrial Designer: touch screen equals many chips which equals many Euro .
Project Manager: {vocalsound}
Marketing: {vocalsound} Right . Nice .
Industrial Designer: Um , one thing that I noticed was that most remotes operate on a infrare on the infrared part of the spectrum . So you notice when you push a button on a remote you can't see anything coming out of it but in fact there is light coming out of the remote and you know the television can detect that . And if you were to record {disfmarker} if you were to make a video recording you could actually see the light . Uh one thing that I thought might be interesting was to use part {disfmarker} use visible light coming out of the remote , just kind of as a fun gimmick .
Project Manager: Hmm .
Industrial Designer: So you could actually see something coming out of the remote when you pushed it .
Marketing: Interesting .
Industrial Designer: Course it'd have to be a part of the spectrum that wouldn't damage the human eye or anything like that .
Project Manager: {vocalsound} M Maybe {disfmarker}
User Interface: {vocalsound}
Marketing: Mm . Good call .
Project Manager: is there an option that we can have that off or on so a person can select like {disfmarker}
Industrial Designer: Yeah .
Marketing: Choose it .
Industrial Designer: I am sure that we could do that . Um , of course {disfmarker}
Project Manager: Yeah I like the idea , it's a good idea .
Industrial Designer: Yeah , just as a fun gimmick .
Project Manager: Yeah .
Industrial Designer: Just to set us apart a little bit . Um , and then on to the circuit board that we're gonna use , also known as the chip . Uh , we really don't have any way around the T_A_ one one eight three five .
Project Manager: {vocalsound}
User Interface: {vocalsound}
Industrial Designer: Um findings , okay , we're very limited by what our current manufacturers can offer , um and my question to all of you is , should we look to other manufacturies or should we just make do with what we have available ?
User Interface: Interesting question .
Industrial Designer: 'S a bit of a challenge question .
Project Manager: Mm .
User Interface: Yes .
Marketing: Well I'd say shop around but with our time constraints , is that really a feasible option ?
Project Manager: Mm .
Industrial Designer: Right , that's my concern too . Um , if we do go the lithium battery route then we'll have to go outside our current manufacturer . My personal preference is {disfmarker} I'll just throw my cards on the table , uh I think we should probably go the solar battery route , just to kinda keep with the environmentally friendly theme that we have going on . Uh , I like the idea of the visible light signalling , that's something to set us apart and uh I was thinking about {disfmarker} I was thinking of ways that we could produce the remote in a variety of different case materials to suit different tastes . So we're not so confined by one style and say some {disfmarker} you know , say our {disfmarker} the one {disfmarker}
Marketing: Right .
Industrial Designer: if we just go with one and it doesn't go over well then we're in a bad situation .
Project Manager: Mm .
Marketing: Right .
Project Manager: Can we do marketing piloting too ? Try to see what kind {disfmarker} before we launch {disfmarker} can we see how they're received ?
Marketing: Um {disfmarker} It's an option , uh but actually there's {disfmarker} I've got some research already on like what we're looking at and trends in casing right now
Project Manager: Okay . Okay .
Marketing: which actually might even come into play beforehand ,
Project Manager: Okay , perfect .
Marketing: it may help us decide for now . Temporarily anyway .
Project Manager: Great , thank you very much Nathan .
Industrial Designer: Oh yeah , you're welcome .
Project Manager: That's perfect , so I guess that makes sense for you to take it from here .
Marketing: {vocalsound} I guess so , 'cause I found some interesting things . {vocalsound}
Project Manager: {vocalsound}
Industrial Designer: {vocalsound}
User Interface: {vocalsound} Did you ? {vocalsound}
Marketing: You waiting for me ? {vocalsound}
Project Manager: Fascinating , compelling even .
Marketing: I know , what a teaser ain't it . Um . {vocalsound} Right . So
User Interface: {vocalsound}
Marketing: current market trends . Screen . Um , basically I was looking at what's going on in the remote control market right now and what's going on in other design fields , to see sort of what's what's trendy , what's new , what's happening . Um , remote control right now {disfmarker} basically everybody says they want newer , fancier , more exciting {disfmarker} they're sick of this boring , normal , functional , um {disfmarker} that we need innovative design options and there needs to be an easy user interface . Um the challenge is that current trends right now , across the board in fashion , in furniture , in technology , is a very organic fruit and vegetable kind of thing .
User Interface: {vocalsound}
Project Manager: {vocalsound}
User Interface: {vocalsound}
Project Manager: {vocalsound}
User Interface: {vocalsound}
Industrial Designer: {vocalsound}
Marketing: Now I'm not saying we should have , you know , tomato shaped remote controls or anything , but I think it is possible maybe to use um natural colours , like if wood is an option , that whole organic , sleek , clean ,
Industrial Designer: Mm .
Marketing: v line thing may be something we can look into . Different skin options , or if we can't afford this touch plate thing , or touch face screen interface um , maybe having the b images be specific , like you could choose your menu bullets to be
Project Manager: {vocalsound} Tomatoes . {vocalsound}
Marketing: a different shape
Industrial Designer: {vocalsound}
User Interface: {vocalsound}
Marketing: or {vocalsound} okay , not the example I would choose , but you know what I mean to t sort of {disfmarker} and th apparently the feel of the next couple of years is spongy ,
Project Manager: {vocalsound}
Industrial Designer: Mm . {vocalsound}
User Interface: {vocalsound} I like it , I like it . {vocalsound}
Marketing: uh not something I I've come up with a {gap} though if we can get around to getting piloting , I thought maybe a casing option like uh not like a skin , but like a holder almost if you could do like um , leather options or wood options or something {disfmarker}
Industrial Designer: Hmm . I should have mentioned this um . As far as the rubber that we can use {disfmarker} we can use a rubber as part of the case ,
Marketing: Mm-hmm .
Industrial Designer: it has a consistency of those stress balls .
User Interface: Yes .
Marketing: Mm . {vocalsound}
Project Manager: Slick , slick .
User Interface: Fabulous .
Marketing: Might be an interesting way to go . Um , yeah so something to sit on for now . So overall I think we should stick with what we're finding , everyone's looking for easy to use , technologically innovative and this fancy new {disfmarker} I think perhaps the double curve thing and maybe this rubber option is our best way to go for right now .
Industrial Designer: Mm .
Marketing: {vocalsound} Um .
Project Manager: Interface , oh the interface graphics for the um {disfmarker}
Marketing: {vocalsound} Yeah . Um . Well I d but then if the touch screen thing isn't gonna work out for us that's really a non-issue .
Project Manager: Yeah .
Industrial Designer: I like the idea of of rubber too because it's {disfmarker} tends to be associated with being durable , something that you can drop and it doesn't matter .
Project Manager: Mm .
Industrial Designer: 'Cause so many {disfmarker}
Marketing: True .
Industrial Designer: you go to so many houses these days and you see broken remote controls .
Marketing: Very true . Very true .
Project Manager: Yeah , it's like , yep {vocalsound}
Industrial Designer: Taped with duck tape and what have you ,
Marketing: Very much so {vocalsound} . Um
Industrial Designer: you wouldn't have that problem if you used rubber .
Project Manager: it's ubiquitous isn't it ?
User Interface: We can have a duck tape casing .
Project Manager: {vocalsound}
Industrial Designer: {vocalsound}
Marketing: We could .
User Interface: {vocalsound}
Marketing: I think that goes against the whole fancy something , a new line ,
Project Manager: {vocalsound}
User Interface: {vocalsound} It could go with the granola crowd .
Marketing: but worth a shot .
Project Manager: {vocalsound}
Industrial Designer: {vocalsound}
User Interface: {vocalsound}
Marketing: Ah , it could be , it could be ,
Project Manager: {vocalsound} Great ,
Marketing: um . Yeah that's what I know .
Project Manager: thanks for that Sarah .
Marketing: No problem .
Project Manager: Ron ?
User Interface: Phew . Computer's adjusting . One moment please . So interme interface concept by your faithful user interface designer .
Project Manager: {vocalsound}
Industrial Designer: {vocalsound}
Marketing: {vocalsound}
User Interface: So yur user interface , guys , is basically aspects of a computer system that we can see or hear , or otherwise uh perceive . Uh , commands and mechanisms , that basically user uses to control the operator operating system . Here's a d series of different remote controls
Industrial Designer: {vocalsound}
User Interface: that are out on the market today . I think we're definitely trying to get away from this kind of a look .
Project Manager: Yeah
User Interface: Um , so the following are a bunch of different uh interface uh concepts . Uh voice recognition , we we um actually have some new uh information from our research design team but uh I'll get to that in a moment . Um , so current voice recognition starts up to about eighty speech samples , um and basically you record your own verbal labels c and connect them to the remote control . Now our design team , research team , has been able to uh set up a system in which uh you can teach the remote control voice c recognition system to respond to um {disfmarker} with standard responses . Like you could say good morning uh remote control and it'll say in a sexy female voice , Good morning Joe . Um .
Project Manager: {vocalsound}
Marketing: {vocalsound}
Project Manager: {vocalsound}
Industrial Designer: {vocalsound}
User Interface: {vocalsound} In fact we already have this for a coffee maker line
Marketing: {vocalsound} Mm .
Project Manager: {vocalsound} Lot of single people on the um on the re on the remote control research team
User Interface: {vocalsound} On the remote control
Industrial Designer: {vocalsound} {vocalsound}
Project Manager: at the {gap} {vocalsound}
User Interface: right .
Marketing: Yeah . Very true , very true .
User Interface: Um , another concept is what uh Apple has come up with , the spinning wheel with uh L_C_ display like on the uh iPod
Project Manager: Mm .
User Interface: which I am sure most of you know about .
Marketing: Mm .
User Interface: Um and then we have the scroll button with integrated push-button , kind of like a modern {gap} a bit bulky , a bit crazy ,
Project Manager: Mm .
Industrial Designer: Mm .
User Interface: I don't think that's we're necessarily going for .
Industrial Designer: No .
User Interface: And uh some special components , uh ideas like uh blocking , having the ability to block channels from your {disfmarker} for your children um and uh dedicated buttons for for commonly used uh channels and even uh ideas like secured or hidden programming but uh I {disfmarker} again if we go with touch screen I don't think that's a big issue . Um and uh this is kind of the uh the big daddy of remote controls here .
Project Manager: {vocalsound}
Marketing: Hmm .
Industrial Designer: {vocalsound}
Marketing: {vocalsound}
User Interface: Uh the jumbo universal remote control is almost impossible to misplace or lose .
Project Manager: {vocalsound} {vocalsound} Yeah , I can see . {vocalsound}
User Interface: Um , again probably not what we're going for
Marketing: {vocalsound}
User Interface: so I {disfmarker} I mean my ideas here and kind of where I think we're heading is something slightly larger than a regular iPod uh with a hard cla c uh plastic casing
Marketing: Okay .
User Interface: although I think some of the suggestions we've come up with are definitely uh very good ideas . Uh changeable casings uh {disfmarker} our design team was possibly talking about including one extra face plate with the package to kind of set the idea that you can change it and you can try changing it
Marketing: Mm , right .
User Interface: and kind of get used to thinking about maybe buying another one which can add value to our uh bottom line . Uh touch screen interface , um possibly having go-to buttons being uh stuck into the system so those don't move away from the screen , uh , the important ones like power , volume and jump between channels . Um , and of course our voice command system which I've talked a little bit about already
Project Manager: Mm .
User Interface: and uh the use of recognisable colours and shapes to aid recognition of the features um that are around so red for power , um arrows for different volume ups and downs and channels ups and downs and what not .
Marketing: Mm .
User Interface: And uh perhaps even adding in some stupid little jokes with the voice recognition idea like perh mm for instance my toastie maker that I got from my bank
Marketing: {vocalsound}
User Interface: has jokes when it's ready .
Industrial Designer: {vocalsound}
Marketing: {vocalsound} Nice .
Project Manager: Great .
User Interface: And uh that is about it .
Project Manager: Great , wonderful Ron , cool . Lot of good ideas , good facts to have .
Marketing: Mm .
Project Manager: That's what they need , it's like a little dongle it just sticks up this further so you don't have to stand up every time , just connect it , my kingdom .
Industrial Designer: Yeah . {vocalsound}
User Interface: {vocalsound}
Marketing: Mm .
Project Manager: Right so , good to know all that stuff , thanks guys , um . {vocalsound} Now we kind of have to come to some decisions , um , I figure we can just go down the line and all three of us can have a chat about it . Um . Based on what Nathan presented as far as the um {vocalsound} various costs and benefits um I think , I dunno , what do you guys think about the touch screen at this point ?
Marketing: I think it's our most marketable feature just because it's so new and it's something that is showing up in other places .
Project Manager: 'Kay . 'Kay .
Marketing: But can we really afford it 'cause it looks like they would be , that would be a really main cost source then
Project Manager: Mm-hmm .
Marketing: right ?
Industrial Designer: My estimate is that in order to incorporate touch screen technology it's gonna cost us upwards of seventeen fifty Euro per remote ,
Project Manager: To produce each one .
User Interface: {vocalsound}
Marketing: Per ?
Industrial Designer: yeah that's just an estimate though .
Marketing: Piece .
User Interface: Oh you guys are always the dampers on these projects .
Industrial Designer: {vocalsound}
Marketing: {vocalsound} I know
Project Manager: Mm .
User Interface: You industrial designers . {vocalsound}
Industrial Designer: I know .
Project Manager: {vocalsound} Hmm .
Industrial Designer: It's fun . {vocalsound}
Marketing: And our goal was to be under twelve fifty or we have to be under twelve fifty ?
Project Manager: Well .
Marketing: Do we remember ?
Industrial Designer: I thought there was some flexibility with that .
Marketing: Okay .
Project Manager: There is , it's just , it is a question of {disfmarker} and how much ca o does that mean we're gonna have to increase the price to make money .
Marketing: Can we justify it ?
Project Manager: Um , from twelve fifty if we d wanna get our fift uh hundred per cent profit margin {vocalsound} um that would mean selling it from twenty five . If you multiply seventeen fifty by two that's thirty five .
Marketing: Right .
Project Manager: So {disfmarker}
User Interface: Where do you guys come up with these numbers ?
Industrial Designer: That's just off the top of my head ,
Project Manager: {vocalsound} {vocalsound} From the board ,
Industrial Designer: it is pending further emails . {vocalsound}
User Interface: {vocalsound}
Marketing: {vocalsound} {vocalsound}
User Interface: {vocalsound} {vocalsound}
Industrial Designer: {vocalsound} Right .
Project Manager: um , well {vocalsound} {disfmarker}
Marketing: Though I think that's what people would pay for ,
User Interface: {vocalsound}
Marketing: I mean if you're gonna pay for an expensive high class remote , you're gonna expect it to do something {disfmarker}
Project Manager: That's true , I mean {disfmarker}
Industrial Designer: It is the new {disfmarker} it would be in a class of its own .
Marketing: Yeah .
Project Manager: {vocalsound} And that's {disfmarker} to be fair the um the per cent of the market {disfmarker} we're not going for mass any you know , mass sales anyway , we're gonna make {disfmarker} I mean we we're not talking about selling eight zillion of these things , we just couldn't , not for twenty-five Euros ,
Marketing: Right .
Project Manager: so we could probably maybe shrink the profit margins rather than selling for twenty five , sell 'em for thirty , but that's something that we can have finance deal with . Um , I say that we provisionally go with the touch screen
Marketing: Yeah .
Project Manager: or wh y wh what was your thought on the matter Ron ?
User Interface: I'm thinking that's uh definitely a good idea and I also think that we could probably come up with some sort of a cheaper uh means to to go about this kind of production , my my team in the uh {disfmarker} on the third floor suggested that uh {disfmarker}
Marketing: See if we can cut some corners .
Project Manager: {vocalsound}
Industrial Designer: {vocalsound}
Marketing: Right . Well and we can look into this other manufacturing option , and maybe we can get 'em somewhere else cheaper .
Project Manager: Mm .
Industrial Designer: It's true .
User Interface: Yeah .
Industrial Designer: We could initially go with what we have and if we can find them cheaper later on {disfmarker}
Marketing: Right . It's a starting point anyway , so .
Project Manager: No we could have a s very simple touch screen , you know , there's always the opportunity , if it's gonna be about the size of the iPod or whatever , you know , w we {disfmarker} yeah , I guess we can play around with it a bit . Alright , let's let's say that okay so the touch screen will be our {vocalsound} um {vocalsound} our main selling point here .
Marketing: Mm .
Project Manager: {vocalsound} So {disfmarker}
User Interface: I mean I think that we really have two main selling points , I think that our casing and the voice recognition {disfmarker}
Marketing: Yeah 'cause with voice recognition {disfmarker} I mean really this is pretty bells and whistles kinda remote .
Project Manager: {vocalsound} The voice rec thing ,
Industrial Designer: Yeah .
Project Manager: I mean , {vocalsound} if if we're looking at bottom line , now we're looking at upping the cost to seventeen to get the touch screen on ,
User Interface: {vocalsound}
Project Manager: I think we might have to drop the voice rec .
Marketing: I think we'd have to decide between 'em definitely .
Project Manager: Yeah .
User Interface: To be honest , we have the capa we have the design in-house ,
Marketing: Price-wise .
User Interface: I mean we've we've come up with this , with this new voice {disfmarker}
Marketing: True .
User Interface: we're using it for our coffee machines already .
Marketing: We've already got it .
User Interface: I can pass you on that email from my uh guy in uh {disfmarker} guy down the hall . Sounds good .
Project Manager: {vocalsound} Hmm . What do you think on it Nathan ? About the voice rec ?
Industrial Designer: I think if we {disfmarker} we do both the {disfmarker} obviously production costs are going to go way up um but it does put it into {disfmarker} it'd become the Rolls Royce of remote controls basically . It would be very nice .
Marketing: Pretty much .
User Interface: I mean we we have to r reflect back on what our market research did say .
Marketing: Right and they said they wanted voice recognition . Course , maybe they hadn't thought of this whole touch screen option , but definitely we know the market is there for voice recognition so to say we have the technology and we're not gonna use it even though we know it'll sell is a call I don't think I can give the highs ups .
Project Manager: Mm .
Marketing: Like really I can't go in and say no we're gonna just ignore everything we know . {vocalsound}
Project Manager: Yeah .
User Interface: Does having both really up our costs ?
Project Manager: {vocalsound} I can't see how it wouldn't , I mean , there's you know the old aphorism , you can have it fast , you can have it cheap or you can have it quality , pick two of three . You know , you can't you can't have all three .
Marketing: Yeah .
Industrial Designer: Yeah , 'cause you {disfmarker} you just upping the number of chips that you need to deal with each different function .
Project Manager: It's just impossible .
Marketing: Yeah .
Project Manager: Well if we're gonna pick betwe e alright so we have to pick between one of the two . Um . Otherwise , yeah , we just {disfmarker} it just becomes cost prohibitive . What {disfmarker} which , which do we suspect we should hold o we should hold on to ?
Marketing: Well , we already have research backing voice recognition as you know fiscally solvent . But uh I I I personally would tend to another direction but if that's what's gonna sell I think that's what we need to go with and maybe we can table this touch screen for our next model .
Industrial Designer: I would have to side with that ,
Project Manager: 'Kay .
Industrial Designer: I think the voice recognition is simpler , we already have the {disfmarker} all the technology in-house , it's ready to go , it's packaged , it's {disfmarker}
Project Manager: What does the cost look like Ron ? Is it cheaper to do the V_R_ or to do the uh touch screen ?
User Interface: {vocalsound} Well my p {vocalsound} is {disfmarker}
Project Manager: Nathan ?
Marketing: Mm .
Industrial Designer: Um , this is just off the top of my head keep in mind , but I think the voice recognition would {disfmarker} they're both mm they're both gonna push the costs up , but um , since we already have the technology in-house for the voice recognition
Project Manager: Mm .
Industrial Designer: we're not gonna have to do as much design work
Marketing: {vocalsound} Right .
Industrial Designer: and sometimes the design work is what push the costs up , if you know what I mean .
Project Manager: Right .
Marketing: Right .
Project Manager: {vocalsound}
User Interface: Um , I definitely have to agree with that last comment .
Marketing: And we're still not {disfmarker} then we don't have to deal with this battery issue nearly as much either ,
Project Manager: Mm .
Marketing: we can stick with what we've already got . In a lot other ways too .
Project Manager: Okay . So I'm getting {disfmarker} alright so more or less you guys think that o o of the two of 'em , the voice recognition will be better . Okay .
Marketing: I think it's our lower risk option
Project Manager: Yeah .
Marketing: which for right now {disfmarker} we can have it on the market sooner which is all in all our best option .
Project Manager: Okay . Sorted .
Industrial Designer: {vocalsound}
Project Manager: We will omit the touch screen in favour of voice recognition .
User Interface: It's you and me outside a little here . {vocalsound}
Industrial Designer: {vocalsound}
Marketing: So and when are we gonna have basic prototypes coming up next that's {disfmarker} you guys's next step right ?
Project Manager: Yeah , well we'll we'll sic we'll sort out what it {disfmarker} what {vocalsound} f what else we're gonna talk about for the prototype
Industrial Designer: Yeah .
Marketing: Right .
Project Manager: but yeah that's our next step , it'll be a developing of prototype .
Marketing: Okay .
Industrial Designer: Are we going to talk now about um the materials that we're gonna use for the case and all those things ?
Project Manager: Yes . We'll just run through it yeah , yeah , um .
Marketing: Mm-hmm .
Industrial Designer: Okay .
Project Manager: You discussed either a lithium or a solar power . Would the solar power be enough to fuel a voice recognition ? Or this kinesthetic one , would that be enough to fuel a voice recognition remote control ?
Industrial Designer: Um , the solar power definitely would be but I think just to keep people from getting annoyed , 'cause sometimes solar power fails and there's no way round that , we should install a small backup battery .
Project Manager: Mm .
Marketing: Yeah .
Industrial Designer: Just to cover those moments when for whatever reason , the remote hasn't been exposed to {disfmarker}
Marketing: Well what of people with like the T_V_ in their basement ,
Project Manager: Mm . Yep .
Marketing: like what if {disfmarker} wha we can't guarantee sunlight everywhere so having a secondary source is probably {disfmarker}
Industrial Designer: It's true . Yeah , it works about the same as a solar powered calculator ,
Marketing: {vocalsound}
Industrial Designer: and you know how those those don't really require that much light ,
User Interface: Calculator .
Marketing: Yeah . True . True .
Industrial Designer: um , but obviously a little more light than a calculator , but we're not talking about a lot of light . Doesn't have to be out taking a sunbath for a few hours a day or anything .
Project Manager: {vocalsound} {vocalsound} Right .
Marketing: Right .
Project Manager: Okay .
Marketing: Okay .
Project Manager: What do you think Ron ?
User Interface: I'm willing to agree with everything that's been said .
Project Manager: Okay .
User Interface: Uh I have to say though that um another idea's come up in my head . If we're really not uh handling the remote control to a great extent we could possibly get away from the idea of having a hand-held remote control and maybe kind of have a round remote control that kind of looks like a paperweight or something like that , kind of a sleek little uh neat thing that sits on your table or something .
Marketing: Uh {disfmarker}
Project Manager: Hmm .
Industrial Designer: Hmm .
Marketing: Interesting .
Project Manager: {vocalsound} Yeah .
Industrial Designer: Why , why moving away from hand-held , why ?
User Interface: Just a thought .
Industrial Designer: What's the uh idea ?
User Interface: Well if you don't need to pick it up it could kind of be a selling point .
Marketing: I if it's got voice recognition it can be technically anywhere in your room and still do its job .
Industrial Designer: Hmm . Do you think people that are {disfmarker} people that buy a remote , are they always gonna wanna use the voice recognition or is it just something that they do sometimes .
Marketing: True , and i probabl I think we're banking on selling it to more than just voice recognition people , like we want it to work fundamentally as a basic manual too ,
Project Manager: Well we have to have buttons on it too as well .
Marketing: right .
Project Manager: But that's done , that's no bother I mean if you look at the catalogue from places like with sharper image or whatever you know they might have {disfmarker} or like um {vocalsound} who is it , Apple makes these really pretentious speakers with the th sub-woofers you know like clear and glass and you know
Marketing: Mm-hmm .
Project Manager: and then they got these little pyramidal type of um speakers .
Industrial Designer: Right .
Marketing: Yep .
Project Manager: I mean , why not have a little rounded kind of thing ,
Marketing: Yeah .
Project Manager: it could still have the basic buttons on it . Um , 'cause we're going for basic functionality primarily as well .
Marketing: With the bu yeah .
Project Manager: And maybe a menu button and so forth , you know um use a channel button to scroll through the menu d if they want to record programmes or whatever you know I mean we can sort that out .
Industrial Designer: I think , I think you're on to something
Marketing: Mm-hmm .
Project Manager: Yeah .
Industrial Designer: because we need to escape the traditional shape of a remote . Maybe something that looks nice on a table is {disfmarker} would be good , even though {disfmarker} and hand-held the same time .
Marketing: True . Way to go .
User Interface: {vocalsound} I think it's all about following Apple's lead on a lot of these things .
Marketing: Yeah I'm thinking of the airport portal ,
User Interface: Mm-hmm .
Project Manager: Mm .
Marketing: you know like that little pod looking thing ?
Industrial Designer: Yeah , those are nice .
User Interface: Exactly .
Project Manager: Yeah , I mean a nice {disfmarker} although we do um wh uh is {disfmarker} I'm recalling that she mentioned that we n need to get away from the surgical white kind of brushed aluminium thing
Marketing: Right .
Project Manager: and get back to it
Industrial Designer: Mm .
Project Manager: but you could have a very tasteful um wood coloured or earth tone kind of um {disfmarker}
Marketing: That would be kinda neat . Terracotta bowl or something . {vocalsound}
Industrial Designer: {vocalsound}
Project Manager: {vocalsound} Still , I mean , yeah , along those lines .
User Interface: {vocalsound}
Marketing: Mm .
Project Manager: Yeah I like that , I like that idea a lot . Um , let's see what we can do as far as that goes . And the uh the material like the plastics and so forth , we were discussing that being uh {disfmarker} using like a rubber kind of softer feel ,
Industrial Designer: Okay .
Project Manager: um you know
Marketing: Mm .
Project Manager: li lik if you feel the the tip on this pen it's a bit {disfmarker} gives just a bit . You know
Marketing: Yeah .
Project Manager: something where it's uh a a more advanced f form of plastic that has some kind of a tactile response to it .
Industrial Designer: Right . Just kind of the squishy feel .
Marketing: Yeah , which is the next big thing , so that's not gonna hurt us either . {vocalsound}
Project Manager: Mm 'kay .
User Interface: {vocalsound}
Project Manager: Yeah let's see if we can do a squishy non-remote control-looking remote control .
Industrial Designer: {vocalsound}
Project Manager: But to be fair , yeah , I mean , you just c you could just put it {disfmarker} literally put it on the the ni the coffee table next to the telly and say volume up .
Marketing: Right .
Project Manager: {vocalsound} Yeah I like it , I like the idea , that's good .
Marketing: Handy .
Project Manager: Um and we've sorted of discussed costs , {vocalsound} um . I guess we'll a that's gonna be uh a thing , if we run a bit over-budget , that might be okay , um .
Industrial Designer: Sorry about the uh lack of information on cost , I just haven't been provided that information by our manufacturers
Marketing: Okay .
Project Manager: {vocalsound} We'll have more of an idea when the prototype {disfmarker} have more of a {disfmarker}
Industrial Designer: and I'm just having to guess .
Project Manager: we'll have more of an idea later on . Um . And we just yeah go from there . {vocalsound} Um , so
User Interface: {vocalsound}
Project Manager: we've revisited the touch screen and more or less ruled that out , um , I think so we're more or less con we {disfmarker} wh wh we're more or less in agreement that we want to have a um {vocalsound} a simple kind of function , you know , not too complex .
Marketing: Mm . Right . Well when the majority of people are only using the most primary functions on a daily basis , although I'm not saying we should completely rule out major functions , they should be secondary , at least if not functionally then visually , like those shouldn't be {disfmarker}
Industrial Designer: Right .
Project Manager: Like maybe have menu things .
Marketing: Take precedence ,
Industrial Designer: If , if we're not going the touch-screen route then we can um just incorporate maybe something that folds out
Marketing: yeah .
Industrial Designer: like what you often see on these kinds of remotes is the most basic functions up here
Project Manager: Mm .
Marketing: Right .
Industrial Designer: and something that slides down to reveal the you know more complicated things .
Marketing: And they slide .
Project Manager: Yes .
Marketing: Well and do we wanna consider like an iPod screen which isn't a touch screen but you're still scrolling through menu options , in p
User Interface: {vocalsound} Think then we're hitting our cost issue again .
Project Manager: {vocalsound} Yeah
Marketing: True ,
Project Manager: we've also got the the me the thing of ,
Industrial Designer: Yeah .
Marketing: we're still not making it easier then .
Project Manager: if we're gonna have a non-remote-looking remote , how do we {disfmarker} yeah .
Marketing: True .
Project Manager: B But no I mean
Marketing: Fair enough .
Project Manager: we could do a slide or a compartment , you know , like if it {disfmarker} say it's a lit little vaguely ovoidal type of thing , it'd be easy to have a compartment in there .
Marketing: Yeah .
Project Manager: Or you know , a b a b a a series of you know three or four buttons with a menu button and then a side an s up and down type of thing , like on um {disfmarker} like on a D_V_D_ player . You know you see the modern D_V_D_ players'll just have um a menu button on the side and then four buttons around them
Marketing: Mm-hmm . Yeah it's just a scroll .
Project Manager: and you can just kind of manoeuvre through the menu like that .
Industrial Designer: Right .
Marketing: Yeah .
Industrial Designer: So are we gonna {disfmarker} are we talking {disfmarker} we need to figure out what kind of buttons we're going to use , are we going to use scroll buttons ? Rubber buttons ? Um {disfmarker}
Project Manager: Well it seems like {vocalsound} I dunno it seems to me that we could just do the um {disfmarker} stick with the rubber 'cause since we're probably gonna be using some kind of um {vocalsound} rubber for the outside case
Marketing: Yeah . Probably .
Project Manager: we might as well stick with that um .
Industrial Designer: Right .
User Interface: I think to a certain extent we have to stick with uh kind of uh a little bit traditional in terms of the buttons and then and then make our unique feature our casing and what not and our voice command .
Marketing: Right . Mm . Well no it's basic just like four directions that are {disfmarker} that can use as menu or channel and volume or however you wanna do it , are really versatile and everybody's already got them to some extent on the remotes they already own so it's not like we're dealing with everybody relearning things 'cause that's not something anybody's gonna wanna buy a new for .
Industrial Designer: Right .
Project Manager: Mm 'kay , um . {vocalsound} We've already kind of covered this as well . That seems to be selling {vocalsound} um and we we've more or less agreed that we want to kar target this youth market , um .
Marketing: Mm .
Project Manager: {vocalsound} Especially now with eighteen to thirty five year olds being such a large quantity of the population . {vocalsound}
Marketing: {vocalsound} Right , particularly in technological fields ,
Project Manager: Mm-hmm , mm-hmm .
Marketing: so that's exactly where we're headed .
Project Manager: Okay . {vocalsound} Um . Yeah alright , well , more or less covered what we need to cover I think fi an an any final thoughts before we think about doing the protot moving on to the prototype .
User Interface: Well what are we actually doing ?
Project Manager: {vocalsound} Right .
User Interface: What were {disfmarker}
Project Manager: I was just gonna step on to um {vocalsound} {vocalsound}
Marketing: Uh . Oh it wasn't in the way but {disfmarker} yeah , whatever .
Project Manager: I wasn't ? Oh , my bad {vocalsound} um sorry .
Industrial Designer: {vocalsound}
Marketing: No , don't worry about it .
Project Manager: The um , yeah okay I was just gonna assign tasks in the next b anyth any oth
User Interface: Sure .
Project Manager: any other final thoughts before we go ahead and
Marketing: Okay .
Project Manager: {disfmarker} cool ?
Industrial Designer: So
Marketing: {vocalsound} Yeah .
Industrial Designer: have we decided that we are gonna go with different style cases for different people ?
Project Manager: {vocalsound} Um .
Industrial Designer: Or are we just going to go with one ? ..It's very , it's very hard thing to predict because you have different cases
Marketing: Yeah .
Industrial Designer: and that might open up your market a little bit obviously , but if you have just one case and it doesn't go very well {disfmarker} mm .
Project Manager: Yeah .
Industrial Designer: It's a tough situation ,
Marketing: Right .
Industrial Designer: but obviously having more cases also costs more so {disfmarker}
Project Manager: Well then again colours wouldn't be so hard to do , you could have uh a , you know , a um uh kind of a natural wood colour , like a stained wood and um , I don't know , olive green or something .
Industrial Designer: There's an idea .
Marketing: Mm . Yeah .
Project Manager: That wouldn't be so much of a problem to incorporate into the colour of the {gap} thing .
User Interface: And again copying iMac's kind of {disfmarker} for iPod Mac Apple's uh colour scheme .
Marketing: Yeah , get in there . Yeah , totally .
Project Manager: Yeah , I think that's probably a good id okay so let's work on {vocalsound} uh multiple case colours . But yeah , stick with the same kind of kinda {disfmarker} yeah , the same basic non-remote kind of remote design . Cool . Alright , so we'll have the next meeting about half an hour , um . I want the uh {disfmarker} I'd like {disfmarker} Nathan , I'd like you to work on just the basic look and feel , what can we accomplish , um , given these parameters that we're just gonna sort of have this kind of uh non-remote remote . Um , what are our broad constraints before we deve design a prototype . {vocalsound}
Industrial Designer: Right .
Project Manager: And um Ron if you can figure out how probably best to lay out this idea of this simple design with the voice recognition built in and also this kind of drop down or s on the side kind of menu options simple . Somehow work out how we can get this all s in the same place . Um , and if you can check product evaluation with m some pilots and stuff . Um I need you guys to work together on making a prototype , {vocalsound} um {vocalsound} using um {vocalsound} prototype building materials um {vocalsound} .
Industrial Designer: {vocalsound} {vocalsound}
User Interface: {vocalsound}
Marketing: {vocalsound}
Project Manager: And also um specific instructions will be sent to you by your coaches as well .
Industrial Designer: Oh excellent yeah .
Project Manager: So that's what to start with for now , is that alright , you guys feel clear about this ?
Marketing: Cool .
Industrial Designer: That sounds good .
User Interface: Fabulous .
Project Manager: Alright . I guess we'll just hit the bricks . Thanks guys .
Marketing: Cool .",What did the group talk about the touch screen under the limitation of the budget?,"The group found that if they would use the touch screen as well as the voice recognition technique, the cost would up to 17 euros. On the other hand, in order to guarantee the one hundred percent profit, the price would be more than 30, which would risk losing potential consumers. Provided that they would control the cost within 12.5 euros, they would have to cut off some functions, for example, voice recognition. It was really hard to balance between the popular tastes, the cost and the quality.","They discussed the possibility of having a simple touch screen, using a cheaper production method, and looking into other manufacturing options to get it cheaper. They also considered having a very simple touch screen, the size of an iPod, and playing around with it a bit.",1.9034162051975727,13.305405348539352,4.736015735599383
2,qmsum,2,"Grad F: Test .
Postdoc G: OK .
Professor B: Let 's see , I should be Two .
PhD D: Up high {disfmarker}
Grad E: As close to your mouth as you can get it .
Professor B: La
PhD D: high as you can get .
Professor B: Is this channel one ?
Postdoc G: Yeah , on your upper lip .
PhD H: Channel one one one .
Professor B: Gee , OK . Yes . OK .
Grad E: OK , so for {disfmarker} for {disfmarker} For people wearing the wireless mikes , like {disfmarker} like this one , I find the easiest way to wear it is sorta this {disfmarker} this sorta like that .
PhD H: This is {disfmarker} chan channel channel one one two three
Grad F: Channel five , channel five .
Professor B: Yeah . Mm - hmm . What do you do ,
Grad E: It 's actually a lot more comfortable then if you try to put it over your temples ,
Grad F: Test , test test .
Professor B: you do it higher ?
Grad E: so {disfmarker}
Professor B: Mm - hmm .
PhD D: Adam 's just trying to generate good uh data for the recognizer there .
Postdoc G: Yeah , I think we 're supposed to {disfmarker} that 's right .
Grad E: And then also , for {disfmarker} for all of them , if your boom is adjustable , the boom should be towards the corner of your mouth ,
Grad F: Test test .
PhD A: By the way , there was a bug . Yeah , i it wasn't using the proper
PhD D: Oh it was .
Grad E: and about a uh a thumb to a thumb and a half distance away from your mouth ,
PhD A: basically it wasn't adapting anything .
PhD D: Oh .
Grad E: so about like I 'm wearing it now .
PhD D: Oh that 's interesting . So why didn't you get the same results and the unadapted ?
Grad E: so so Jane , you could actually do even a little closer to your mouth ,
PhD H: It 's not always possible .
PhD A: Hmm ?
PhD D: Why didn't you get the same results and the unadapted ?
Postdoc G: I could {disfmarker} can this be adjuste like this ?
Grad E: but {disfmarker}
PhD A: Oh , because when it estimates the transformer pro produces like a single matrix or something .
Grad E: Yep .
Postdoc G: Is that @ @ ? OK , thank you .
Grad F: Adam , I 'm not {disfmarker}
PhD D: O Oh oh I see .
Grad F: uh , looks kinda low on channel five {disfmarker}
PhD D: I see , I see .
Professor B: OK .
Grad F: no ?
Grad E: Channel five , s speak again .
Grad F: Maybe not .
Postdoc G: Hello .
PhD A: Basically there were no counts
Grad E: Yeah , that 's alright .
Grad F: Hello ?
Grad E: I mean , we could {disfmarker} we could up the gain slightly if you wanted to .
Grad F: It 's OK ?
PhD H: Yeah .
Grad F: Is this OK ?
PhD H: OK .
PhD D: I see what you mean .
PhD C: Who 's channel B ?
Grad E: but {disfmarker} Uh , channel B is probably Liz .
PhD C: Uh oh .
PhD H: Uh channel B {disfmarker} I am channel B .
Professor B: You wanna close this ,
Postdoc G: Channel eight , eight .
Professor B: or
PhD C: No I
Grad E: Thank you .
PhD H: No , channel B .
PhD A: Hello , hello .
PhD C: yeah , yeah , you 're channel B .
PhD H: Yeah , yeah .
PhD C: So can you talk a bit ? I thought it might be too
PhD H: OK , yeah , channel B , one two three four five .
PhD C: OK .
Grad E: Yeah , it 's alright . So , the gain isn't real good .
Professor B: We 're recording ,
PhD C: OK .
Professor B: right ?
Grad E: OK , so we are recording .
PhD H: Ah .
Professor B: Yeah .
PhD A: OK .
Grad E: Um everyone should have at least two forms possibly three in front of you depending on who you are .
Grad F: Oh .
Grad E: Um we {disfmarker} we 're doing a new speaker form and you only have to spea fill out the speaker form once but everyone does need to do it . And so that 's the name , sex , email , et cetera .
PhD H: Mm - hmm .
Grad E: We {disfmarker} we had a lot of discussion about the variety of English and so on so if you don't know what to put just leave it blank . Um I {disfmarker} I designed the form and I don't know what to put for my own region ,
PhD A: Mmm .
Grad E: so
PhD D: California .
PhD A: I think {disfmarker}
Grad E: California .
PhD H: California .
PhD A: Um may I make one suggestion ? Instead of age put date of {disfmarker} uh year of birth
Grad E: Sure .
PhD A: because age will change , but The year of birth changes , you know , stays the same , usually .
Grad E: Oh .
PhD C: A actually , wait a minute ,
Grad E: Birth year ?
Postdoc G: Although on {disfmarker}
PhD A: Yeah .
PhD C: shouldn't it be the other way around ?
PhD D: Not for me .
Postdoc G: course on the other {disfmarker} on the other hand you could {disfmarker} you view it as the age at the time of the {disfmarker}
PhD C: On the other side ,
PhD A: Well the thing is , if ten years from now you look at this form knowing that {disfmarker}
PhD C: yeah .
Postdoc G: Yes , but what we care about is the age at {disfmarker} at the recording date rather than the {disfmarker}
PhD C: O yeah .
PhD D: But there 's no other date on the form .
PhD C: W we don't care how they {disfmarker} old they really are .
PhD A: Well {disfmarker} well I don't know .
Postdoc G: Yes . {vocalsound} Unless we wanna send them a card .
Grad E: Well I guess it depends on how long the corpus is gonna be collected for .
PhD A: Anyway .
Postdoc G: Yeah , that 's true .
PhD C: I still don't see the problem .
Grad E: Either way yeah I think {disfmarker} I think age is alright
PhD A: OK .
Grad E: and then um there will be attached to this a point or two these forms uh so that you 'll be able to extract the date off that
PhD A: Mm - hmm .
Grad E: so , anyway . And so then you also have a digits form which needs to be filled out every time , the speaker form only once , the digit form every time even if you don't read the digits you have to fill out the digits form so that we know that you were at the meeting . OK ? And then also if you haven't filled one out already you do have to fill out a consent form . And that should just be one person whose name I don't know . OK ?
Grad F: Do you want this {pause} Adam ?
Grad E: Uh sure . Thank you .
Professor B: So uh
Grad E: OK so should we do agenda items ?
Professor B: Uh oh that 's a good idea . I shouldn't run the meeting .
Grad E: Uh well I have {disfmarker} I wanna talk about new microphones and wireless stuff .
Postdoc G: Mmm .
Grad E: And I 'm sure Liz and Andreas wanna talk about recognition results . Anything else ?
PhD C: I guess {disfmarker} what time do we have to leave ? Three thirty ?
PhD A: Yeah .
PhD C: Yeah ,
Grad E: Why don't you go first then .
PhD C: so .
Professor B: Yeah , good idea .
PhD A: OK .
PhD C: Um Well , I {disfmarker} I sent out an email s couple hours ago so um with Andreas ' help um Andreas put together a sort of no frills recognizer which is uh gender - dependent but like no adaptation , no cross - word models , no trigrams {disfmarker} a bigram recognizer and that 's trained on Switchboard which is telephone conversations . Um and thanks to Don 's help wh who {disfmarker} Don took the first meeting that Jane had transcribed and um {vocalsound} you know separated {disfmarker} used the individual channels we segmented it in into the segments that Jane had used and uh Don sampled that so {disfmarker} so eight K um and then we ran up to I guess the first twenty minutes , up to synch time of one two zero zero so is that {disfmarker} that 's twenty minutes or so ? Um yeah because I guess there 's some ,
Grad E: Or so .
PhD C: and Don can talk to Jane about this , there 's some bug in the actual synch time file that ah uh I 'm {disfmarker} we 're not sure where it came from but stuff after that was a little messier . Anyway so it 's twenty minutes and I actually
Grad E: Hmm .
PhD C: um
Grad E: I {disfmarker} was that {disfmarker} did that {disfmarker} did that recording have the glitch in the middle ?
Postdoc G: I 'm puzzled by that . I {disfmarker} oh {disfmarker} oh , I see .
PhD C: There 's {disfmarker} there 's a {disfmarker}
Postdoc G: Oh there was a glitch somewhere .
PhD C: yeah , so that actually um
Grad F: Was it twenty minutes in ,
PhD C: if it was twenty minutes in then I don't know
Postdoc G: I forgot about that .
Grad F: I thought {disfmarker}
PhD A: Well it was interesting ,
Postdoc G: Well , I mean , they {disfmarker}
PhD A: suddenly {disfmarker} the {disfmarker} the overall error rate when we first ran it was like eighty percent
Grad E: I don't remember when it is .
Postdoc G: but I was able to can transcribe
PhD A: but i looking at {disfmarker} the first sentences looked much better than that and then suddenly it turned very bad and then we noticed that the reference was always one off with the {disfmarker} it was actually recognized
PhD C: Wel
Grad E: Oh no .
Grad F: Yeah , that might be {disfmarker} that might be {disfmarker} that might be my fault .
Postdoc G: Wow .
PhD A: so
Grad E: Oh so that was just a parsing mismatch .
Grad F: I 'm not {disfmarker}
PhD A: OK .
PhD C: No actually it was {disfmarker} yeah i it was a complicated bug because they were sometimes one off and then sometimes totally random so um
Grad F: yeah , I was pretty certain that it worked up until that time ,
Postdoc G: Oh . That 's not good .
PhD C: Yeah
PhD A: OK .
PhD C: so that 's what we have
Grad E: Alright .
Grad F: so
PhD C: but that {disfmarker} that will be completely gone if this synch time problem
Postdoc G: Yeah .
Grad E: The {disfmarker} the glitch
PhD A: So {disfmarker} so we have everything recognized but we scored only the first uh whatever , up to that time to
Postdoc G: And the only glitch {disfmarker}
Grad E: yeah .
Postdoc G: yeah .
PhD C: So you guys know .
Professor B: S sorry I haven't seen the email ,
PhD C: Yeah .
Grad E: Th - the
Postdoc G: The {disfmarker} the {disfmarker} well {disfmarker} wait
Professor B: what was the score ?
PhD C: So here 's the actual copy of the email
Postdoc G: we should say something about the glitch . He {disfmarker} he can say something about the glitch .
PhD C: um oh OK
Grad E: yeah .
Postdoc G: Cuz it 's {disfmarker} it 's {disfmarker} it 's {disfmarker} h it 's {disfmarker} it 's very small {disfmarker}
PhD C: so does this glitch occur at other {disfmarker}
Grad E: There {disfmarker} there {disfmarker} there 's an acoustic glitch that occurs where um the channels get slightly asynchronized
Postdoc G: very small . Yep .
PhD C: Oh .
PhD A: Mmm .
PhD C: Right .
Grad E: so the {disfmarker} that {disfmarker} that problem has gone away in the original driver believe it or not when the SSH key gen ran the driver paused for a fraction of a second
Professor B: Hmm .
Grad F: Hmm .
Grad E: and so the channels get a little asynchronous and so if you listen to it in the middle there 's a little part where it starts doing {disfmarker} doing click sounds .
Professor B: So {disfmarker}
PhD C: And is it only once that that happens ?
Grad E: But yeah
PhD C: OK .
Grad E: it {disfmarker} right once in the middle .
PhD C: There 's {disfmarker} the previous page has some more information about sort of what was wrong
Professor B: so {disfmarker} so un unsurprisingly Adam is the golden voice ,
PhD C: but
Grad E: Um But that shouldn't affect anything
PhD C: OK so that 's actually
Postdoc G: S and it {disfmarker}
Professor B: you see this here ?
PhD C: It {disfmarker} y it 's {disfmarker}
Grad E: yeah yeah "" bah ""
PhD C: OK no {disfmarker}
PhD A: Oh , and {disfmarker}
PhD C: What happens is it actually affects the script that Don {disfmarker}
PhD D: Huh .
PhD C: I mean if we know about it then I guess it could always be checked for it
Grad E: Well the acoustic one shouldn't do anything .
PhD C: but they
Grad F: Yeah , I don't know exactly what affected it
Postdoc G: I agree . I agree .
PhD A: I {disfmarker} I have {disfmarker}
Grad F: but I 'll {disfmarker} I 'll talk to you about it ,
PhD A: Yeah .
Grad E: But I {disfmarker} I do remember {disfmarker}
PhD C: Yeah .
Grad F: I 'll show you the point .
Postdoc G: Yeah . It {disfmarker} it had no effect on my transcription ,
PhD A: Mmm .
Postdoc G: you know , I mean I {disfmarker} I had no trouble hearing it and {disfmarker} and having time bins
Grad E: I do remember seeing once the transcriber produce an incorrect XML file where one of the synch numbers was incorrect .
Postdoc G: but there was a {disfmarker} Oh .
PhD C: Well , the {disfmarker} the synch time {disfmarker} the synch numbers have more significant digits than they should ,
Grad F: That 's what happened .
Postdoc G: Oh .
PhD H: Yeah .
Grad E: Where {disfmarker} where they weren't monotonic .
Grad F: There was {disfmarker} yeah , I mean {disfmarker}
PhD C: right ? There 's things that are l in smaller increments than a frame .
PhD H: Yeah .
Postdoc G: Oh , interesting .
PhD C: And so then , I mean you look at that and it 's got you know more than three significant digits in a synch time then that can't be right
Grad E: Oh OK so that 's
Grad F: Hmm .
Postdoc G: Oh .
PhD A: Mmm .
PhD C: so anyway it 's {disfmarker} it 's just {disfmarker}
Grad E: yeah sounds like a bug .
Postdoc G: Yeah .
PhD C: that 's why we only have twenty minutes but there 's a significant amount of {disfmarker}
Grad F: Non - zero ? Um there are like more {disfmarker} cuz there 's a lot of zeros I tacked on just because of the way the script ran ,
Grad E: The other one I saw was that it yeah .
Grad F: I mean but there were there was a point .
PhD C: Yeah that was fine . That {disfmarker} that was OK .
Grad E: The other one I saw was non non - monotonic synch times
Grad F: OK .
Grad E: and that definitely indicra indicates a bug .
Grad F: Uh .
PhD C: Well that would really be a problem , yeah . So anyway these are just the ones that are the prebug for one meeting .
Grad F: Yeah .
PhD C: um and what 's {disfmarker} which {disfmarker}
Grad E: So that 's very encouraging .
PhD C: this is really encouraging cuz this is free recognition ,
Professor B: Hmm .
PhD H: Yeah .
Professor B: Cool .
PhD A: Mmm .
PhD C: there 's no I mean the language model for Switchboard is totally different so you can see some like this Trent Lott which
PhD D: Trent Lott .
PhD C: um I mean these are sort of funny ones ,
PhD D: It 'll get those though .
PhD C: there 's a lot of perfect ones and good ones and all the references , I mean you can read them and when we get more results you can look through and see
Grad E: I and as I said I would like to look at the lattices
PhD A: Mm - hmm .
PhD C: but um it 's pretty good .
Grad E: because it sounded like even the ones it got wrong it sort of got it right ?
PhD C: Well so I guess we can generate
Grad E: Sounds likes ?
PhD A: There are a fair number of errors that are , you know where {disfmarker} got the plural S wrong or the inflection on the verb wrong .
Postdoc G: Mm - hmm .
PhD C: um
Grad E: Yeah , and who cares ? And {disfmarker} and there were lots of {disfmarker} of course the "" uh uh "" - s , "" in on "" - s "" of uh "" - s .
PhD A: Mmm , so if {disfmarker}
PhD C: there 's {disfmarker} No those are actually
PhD A: Yeah .
PhD C: a lot of the errors I think are out of vocabulary ,
PhD A: Mm - hmm .
PhD C: so is it like PZM is three words , it 's PZM ,
PhD A: Mm - hmm .
PhD C: I mean there 's nothing There 's no language model for PZM or
Grad E: Right . Ri - ri right .
PhD C: um
Grad E: Did you say there 's no language for PZM ?
PhD C: No language model , I mean those {disfmarker}
Grad E: Do you mean {disfmarker} so every time someone says PZM it 's an error ? Maybe we shouldn't say PZM in these meetings .
PhD C: Well {disfmarker} well there 's all kinds of other stuff like Jimlet and I mean um anyway there {disfmarker}
Grad E: Yeah , that 's right , Jimlet .
Professor B: Well , we don't even know what that means ,
PhD C: so {vocalsound} but this is really encouraging because
Professor B: so I
Grad E: Yeah , that 's right .
PhD C: so , I mean the bottom line is even though it 's not a huge amount of data um it should be uh reasonable to actually run recognition and be like within the scope of {disfmarker} of r reasonable s you know Switchboard this is like h about how well we do on Switchboard - two data with the Switchboard - one trained {disfmarker} mostly trained recognizer
Grad E: Right .
PhD C: and Switchboard - two is {disfmarker} got sort of a different population of speakers and a different topic
Grad E: Excellent .
PhD C: and they 're talking about things in the news that happened after Switchboard - one so there was @ @ so that 's great .
Professor B: Yeah . Yeah so we 're in better shape than we were say when we did {disfmarker} had the ninety - three workshop
PhD C: Um
Professor B: and we were all getting like seventy percent error on Switchboard .
PhD A: Mm - hmm .
PhD C: Oh yeah
Professor B: you know
PhD C: I mean this is really ,
PhD A: Mmm .
PhD C: and thanks to Andreas who , I mean this is a
PhD A: Mmm .
Grad E: Well especially for the very first run , I mean you {disfmarker}
PhD A: Oh it 's the {disfmarker}
Professor B: Yeah .
PhD C: eh um
Professor B: Yeah .
PhD C: yeah
Grad E: the first run I ran of Switchboard I got a hundred twenty percent word error but
PhD C: So and what al also this means is that
Postdoc G: Right .
PhD C: um
Grad E: Not Switchboard ,
PhD A: Well it 's {disfmarker}
PhD C: I mean there 's a bunch of things in this note to various people
Grad E: uh Broadcast News .
PhD C: especially I guess um with Jane that {disfmarker} that would help for {disfmarker} since we have this new data now uh in order to go from the transcripts more easily to um just the words that the recognizer would use for scoring . I had to deal with some of it by hand but I think a lot of it can be automated s by {disfmarker}
Professor B: Oh one thing I guess I didn't get so you know the language model was straight from {disfmarker} from bigram from Switchboard the acoustic models were also from Switchboard or {disfmarker} or
PhD A: Yeah .
PhD C: Yeah .
Professor B: So they didn't have anything from this acoustic data in yet ?
Postdoc G: That 's amazing .
Grad E: Yeah , so that 's great .
PhD C: No .
Professor B: OK .
PhD C: And actually {disfmarker} we actually um used Switchboard telephone bandwidth models
Postdoc G: That 's amazing .
PhD A: Well that 's {disfmarker} those are the only we ones there are ,
Professor B: Yeah .
PhD C: which I guess
PhD D: I was just gonna say ,
PhD C: so that 's the on that 's the only acoustic training data that we have a lot of
PhD D: yeah .
PhD A: I mean
Grad E: Yeah .
PhD A: Right .
PhD C: and I guess Ramana , so a guy at SRI said that um there 's not a huge amount of difference going from {disfmarker}
Professor B: Right .
PhD C: it 's {disfmarker} it 's not like we probably lose a huge amount but we won't know because we don't have any full band models for s conversational speech .
PhD D: It 's probably not as bad as going f using full band models on telephone band speech
PhD C: So .
PhD A: Oh yeah .
PhD C: Right .
PhD D: right ?
PhD A: Yeah .
Professor B: Yeah ,
PhD C: Right , so it 's {disfmarker} so
Professor B: but for Broadcast News when we {disfmarker} we played around between the two there wasn't a huge loss .
Grad E: Right , it was not a big deal .
PhD C: Yeah
PhD A: I should {disfmarker} I should say that {disfmarker} the language model is not just Switchboard
PhD C: so I wou so that 's good .
Grad E: Although combining em worked well .
PhD A: it 's also {disfmarker} I mean there 's uh actually more data is from Broadcast News but with a little less weight
PhD C: Yeah .
PhD A: uh because
Professor B: Uh - huh .
PhD C: Like Trent Lott must have been from
PhD A: mm - hmm , right .
PhD C: I guess {vocalsound} Switchboard was before
PhD A: Um By the way just {disfmarker} for fun we also ran ,
PhD C: uh .
Professor B: Good point .
PhD A: I mean our complete system starts by doing ge a gender detection
Professor B: Mm - hmm .
PhD A: so just for the heck of it I ran that
Grad E: And it said a hundred percent male ?
PhD A: um and it might be reassuring for everybody to know that it got all the genders right .
PhD C: The j
PhD A: Yeah so
Grad E: Oh it did ?
Postdoc G: Oh that 's {disfmarker} I 'm glad .
Grad E: It got all two genders ?
PhD C: Yeah but you know Jane and Adam have you kn about equal performance
PhD A: Yeah . Yes .
PhD C: and uh and that 's interesting cuz I think the {disfmarker} their language models are quite different so and I {disfmarker} I 'm pretty sure from listening to Eric that , you know given the words he was saying and given his pronunciation that the reason that he 's so much worse is the lapel .
Professor B: Yeah .
Grad E: Right .
Postdoc G: That makes a lot of sense ,
PhD C: So it 's nice now if we can just sort of eliminate the lapel one when {disfmarker} when we get new microphones
Postdoc G: yeah . Very possible .
Professor B: Yeah I {disfmarker} I {disfmarker} I would bet on that too
PhD C: that would be worth it
Professor B: cuz he certainly in that {disfmarker} when as a {disfmarker} as a burp user he was {disfmarker} he was a pretty uh strong one .
PhD C: um Yeah
Grad E: Sheep .
PhD C: he {disfmarker} he {disfmarker} he sounded to me just from {disfmarker} he sounded like a ,
Professor B: Yeah .
PhD C: what 's it a sheep or a goat ?
Professor B: Sheep .
Grad E: A sheep .
PhD C: Sheep ,
Grad E: Baah .
Professor B: Yeah . Sheep is good .
PhD C: right . Sounded good .
Professor B: Yeah .
PhD C: Right so um so I guess the good news is that
Postdoc G: Mm - hmm .
PhD C: and {disfmarker} and again this is without a lot of the sort of bells and whistles that we c can do with the SRI system and we 'll have more data and we can also start to maybe adapt the language models once we have enough meetings . So this is only twenty minutes of one meeting with no {disfmarker} no tailoring at all .
PhD A: I mean clearly there are um with just a small amount of uh actual meeting transcriptions uh thrown into the language model you can probably do quite a bit better because the {disfmarker}
PhD C: Yeah . The voca the vocabulary especially
Grad E: Or just dictionary .
PhD C: yeah .
PhD A: Not that much the vocabulary actually
PhD C: Yeah , so .
PhD A: I think {disfmarker} um well we have to see but {disfmarker} it 's uh {disfmarker}
PhD C: Yeah . It 's pretty good um so then
Professor B: Have to add PZM and so on
Grad E: And I have to try it on the far field mike
Professor B: but
PhD C: PZM
Grad E: yeah .
PhD C: and then there 's things like for the transcription I got when someone has a digit in the transcript I don't know if they said , you know one one or eleven and I don't know if they said Tcl or TCL . there 's things like that where , you know the um we 'll probably have to ask the transcribers to indicate some of those kinds of things but in general it was really good and I 'm hoping {disfmarker} and this is {disfmarker} this is good news because that means the force alignments should be good and if the force alignments , I mean it 's good news anyway but if the force alignments are good we can get all kinds of information . For example about , you know prosodic information and speaker overlaps and so forth directly from the aligned times . Um so that 'll be something that actually in order to assess the forced alignment um we need s some linguists or some people to look at it and say are these boundaries in about the right place . Because it 's just gonna give us time marks
PhD D: But you know {disfmarker}
Grad E: Well we 've done that for one meeting .
PhD C: so . For forced alignment .
Grad E: Uh oh oh f not for words
PhD C: Ye - right .
Grad E: I 'm sorry just for overlaps is we did it for not {disfmarker} not for words .
PhD C: Right . So this would be like if you take the words um you know and force align them on all the individual close talk uh close talking mikes then how good are these sort of in reality
Grad E: Right .
PhD C: and then I was thinking it {disfmarker}
Grad E: So we might want to take twenty minutes and do a closer word level transcription . Maybe actually mark the word boundaries .
PhD C: Oh or {disfmarker} i have someone look at the alignments uh maybe a linguist who can say um you know roughly if these are OK and how far away they are .
Professor B: Yeah .
PhD C: Um but I think it 's gotta be pretty good because otherwise the word recognition would be really b crummy .
Grad E: Right , right .
PhD C: It wouldn't necessarily be the other way around , if the wor word recognition was crummy the alignment might be OK but if the word recognition is this good the alignment should be pretty good . So that 's about it .
Professor B: I r
PhD D: I wonder if this is a good thing or a bad thing though , I mean if we 're pr
Grad E: That we 're starting so well ?
PhD D: yeah if we 're producing a database that everybody 's gonna do well on
Professor B: Oh
Grad E: Don't worry about it w d that 's that 's the close talking mikes . Try it on the P Z Ms and {disfmarker} and
Professor B: Yeah , which {disfmarker} I would {disfmarker} which {disfmarker} well n n n n
PhD D: So the real value of the database is these ?
PhD H: Yeah , yeah , yeah , yeah .
Grad E: Yeah , abso well no but
Professor B: I mean there 's still just the w the percentages and , I mean they 're not {disfmarker} a as we 've talked about before there 's probably overlaps
PhD C: This i yeah . This is not that good .
Professor B: there 's probably overlaps in {disfmarker} in uh in fair number in Switchboard as well so but {disfmarker} but there 's other phenomena , it 's a meeting , it 's a different thing and there 's lots of stuff to learn with the close talking mikes but uh yeah certainly I 'd like to see as soon as we could , I mean maybe get some of the glitches out of the way but soon as we could how well it does with say with the P Z Ms or maybe even one of the
PhD C: Right .
Professor B: and uh see if it 's , you know is it a hundred twenty percent or maybe it 's not maybe if with some adaptation you get this down to fifty percent or forty - five percent or something and {disfmarker} and then if for the PZM it 's seventy or something like that that 's actually something we could sort of work with a little bit
PhD C: Yeah .
Professor B: so
PhD C: No I think it 's really , I mean this way we least have a baseline we know that for instance the transcripts are very good so once you can get to the words that the recognizer which is a total subset of the things you need to understand the {disfmarker} the text um yeah they 're pretty good so and {disfmarker} and it 's converting automatically from the XML to the chopping up the wave forms and so forth it 's not the case that the end of one utterance is in the next segment and things like that which we had more problems with in Switchboard so that 's good . And um let 's see there was one more thing I wanted to {disfmarker} to mention {disfmarker} I can't remember um Sorry can't remember . anyway it 's {disfmarker}
Postdoc G: Congratulations is really great .
Professor B: Yeah .
PhD C: well it was , I mean I really didn't do this myself
Grad E: Yeah , it 's really good .
PhD C: so Andreas set up this recognizer and {disfmarker} by the way the recognizer all the files I 'm moving to SRI and running everything there so I brought back just these result files and people can look at them um so
PhD A: We {disfmarker} we talked about setting up the SRI recognizer here . That 's {disfmarker} you know if {disfmarker} if there are more machines um uh here plus people can {disfmarker} could run their own uh you know variants of {disfmarker} of {disfmarker} of the recognition {pause} runs um certainly doable . Um .
Professor B: Yeah and {disfmarker} well certainly if the recognition as opposed to training , yeah .
PhD A: Yeah .
Professor B: Seems reasonable .
Postdoc G: I need t Hmm . I need to ask one question .
PhD A: Yeah .
Postdoc G: Which is um so this issue {vocalsound} of the uh legalistic aspects of the pre - sent you know pre - adapted {disfmarker} Yeah , well , so what I mean is um the {disfmarker} uh the data that you take into SRI , first {disfmarker} first question , you 're maintaining it in {disfmarker} in a place that wouldn't be publicly readable that {disfmarker} that kind of stuff , right ?
PhD A: U um
PhD C: From the outside world or
Postdoc G: By uh people uh who are not associated with this project .
PhD A: Oh .
Grad E: It 's human subjects issues , I told you about that .
PhD C: Um oh .
Postdoc G: Exactly .
PhD C: Well OK we have n no names . Although I sh um
Grad E: That {disfmarker} that 's not the issue ,
PhD C: de audio data itself ?
Grad E: it 's just the audio data itself , until people have a chance to edit it .
Postdoc G: Mm - hmm , exactly .
PhD C: Uh so well I can {disfmarker} I can protect my directories through there .
Postdoc G: Yeah .
PhD C: Right now they 're not {disfmarker} they 're in the speech group directories which {disfmarker} so I will {disfmarker}
Postdoc G: Great .
PhD C: I didn't know that actually .
Professor B: Yeah so we just have to go through this process of having people approve the transcriptions ,
PhD C: Yeah OK .
Professor B: say it 's OK .
PhD C: Right OK .
Postdoc G: Yeah , we had to get them to approve em and then i cuz {disfmarker} cuz the other question I was gonna ask is if we 're having um you know it 's but this {disfmarker} this meeting that you have , no problem cuz I {disfmarker} I well I mean I {disfmarker} I speak for myself
Grad E: It 's us .
Postdoc G: but {disfmarker} but I think that we didn't do anything that but well anyway so {vocalsound} uh I wouldn't be too concerned about it with respect to that although we should clear it with Eric and Dan of course but these results are based on data which haven't had the uh haven't had the chance to be reviewed by the subjects
PhD C: That 's true .
Postdoc G: and I don't know how that stands , I mean if you {disfmarker} if you get fantastic results and it 's involving {comment} data which {disfmarker} which later end up being lessened by , you know certain elisions , then I don't know but I wanted to raise that issue ,
Professor B: Well we ,
Postdoc G: that 's all .
Professor B: I mean once we get all this streamlined it may be sh it {disfmarker} hopefully it will be fairly quick but we get the transcriptions , people approve them and so on it 's just that we 're
Grad E: Alright we need to work at a system for doing that approval so that we can send people the transcripts
Postdoc G: Great .
PhD A: Mmm .
Postdoc G: Yeah .
Grad E: and get back any bleeps that they want
PhD C: Yeah actually the bleeps are also an issue I thought .
Professor B: It 's gonna be a rare thing that there 's a bleep for the most part .
PhD A: U uh actually I had a question about the downsampling , um I don't know who , I mean how this was done but is {disfmarker} is there {disfmarker} are there any um {vocalsound} issues with downsampling
PhD C: Don did this .
PhD A: because I know that the recognizer um that we use h can do it sort of on the fly um so we wouldn't have to have it eh you know do it uh explicitly beforehand . And is there any um i are there other d sev uh is there more than one way to do the downsampling where one might be better than another ?
Grad F: There are lots of w {vocalsound} there are lots of ways to do the downsampling um different filters to put on ,
PhD A: OK . Right . OK .
Grad F: like anti - aliasing stuff .
PhD A: So {disfmarker} so the {disfmarker} th
Grad E: I don't think we even know which one I assume you 're using syncat to do it ?
Grad F: No , I 'm using uh SN SND uh are resample .
Grad E: Or sound resample ?
PhD C: Re - re ref
Grad E: Resample .
PhD C: yeah .
Grad E: Yeah and Dan 's archaic acronyms .
Grad F: RSMP . Yeah , I don't really .
PhD C: Missing all the vowels .
Grad F: I just {disfmarker} yeah I found it .
PhD C: Some of the vowels ,
Grad E: Not all of them .
PhD C: almost all the vowels , that 's the hard part .
PhD A: So {disfmarker} so the other thing we should try is to just take the original wave forms ,
Grad E: And a few of the consonants .
PhD A: I mean segment them but not downsample them .
PhD C: Yeah we could {disfmarker} we could try that and {disfmarker} and compare
PhD A: And {disfmarker} and feed them to {disfmarker} feed them to the SRI recognizer and see if {disfmarker} if the SRI front - end does something .
Grad F: Yeah , that 's {disfmarker}
PhD C: Yeah .
Grad E: I suspect that 's sort of premature optimization , but Sure .
PhD C: We can try it . I {disfmarker} I only downsampled them first cuz I was
PhD A: Well {disfmarker}
Grad F: I mean that 's just one line {disfmarker} that 's one line of code to comment at
PhD C: yeah
PhD A: Right and {disfmarker} and it doesn't {disfmarker} is no more work {vocalsound} for um you know for us .
Grad F: so
Grad E: Mm - hmm .
Grad F: Yeah .
PhD C: Well they 're just bigger to transfer , that 's why I s downsampled them before but
PhD A: Well but they 're only twice as big so
PhD C: Well I mean that was {disfmarker} if it 's the same then we can downsample here
PhD A: I mean it 's {disfmarker} it 's just a
PhD C: but if it 's {disfmarker}
Grad F: Although those eighty meg files take a while to copy into my directories
PhD C: Yeah .
Grad F: so , but no , I mean it 's not {disfmarker} i it wouldn't be a problem if you 're interested in it {disfmarker}
PhD C: We could try that .
PhD A: Yeah I mean it would be uh you know it would probably take uh about um you know
Grad F: it would {disfmarker}
PhD A: minus the transfer time it would {disfmarker} it would take uh you know ten minutes to try and {disfmarker} and {disfmarker} and
Grad F: Yeah .
Grad E: It 's about a fifty minute drive , right ?
PhD A: And {disfmarker} and if for some reason we see that it works better then we might investigate why
PhD C: Well it takes more disk space too so I was just {disfmarker}
PhD A: and , you know , what {disfmarker} Yeah .
Grad F: Mmm . In the front - end we could do that .
PhD A: Yeah .
Professor B: So you just train {disfmarker} just different filters
Grad F: Yeah , I {disfmarker}
Professor B: and so you 're just wondering whether the filter is
Grad F: Yeah , I can imagine it would be {disfmarker}
PhD A: Right . Right .
PhD C: So we could try that with this particular twenty minutes of speech and sort of see if there 's any differences .
Grad F: I mean I guess there 's some {disfmarker}
PhD A: You know a at some point someone might have optimized whatever filtering is done for the actual recognition um performance .
Grad F: Hmm .
PhD A: So in other words right ,
Professor B: Right .
PhD A: so
Grad E: It just seems to me that , you know small changes to the language model and the vocabulary will so swamp that that it may be premature to worry about that . I mean so one is a half a percent better than the other I don't think that gives you any information .
PhD C: Well it 's just as easy to {disfmarker} to give you the sixteen K individual ,
Grad E: Yep .
PhD C: it was just more disk space you know for storing them
Professor B: Are you {disfmarker} are you using uh uh mel cepstrum or PLP over there ?
PhD C: so
PhD A: Mel cepstrum .
Professor B: So probably doesn't matter .
PhD C: Well we could try .
Grad F: There 's {disfmarker} there 's your answer .
Professor B: But {disfmarker} but it wouldn't hurt to try ,
PhD C: Could easily try
PhD A: That 's what I would assume but you never know ,
Professor B: yeah .
PhD C: so
PhD A: you know .
Professor B: Sure . No the reason I say this
Postdoc G: Just {disfmarker} Mm - hmm .
Professor B: PLP uses uh auto - regressive filtering and uh modeling and so it can be sensitive to the kind of filtering that you 're doing
PhD A: Mm - hmm .
Professor B: but uh uh mel cepstrum uh might not {disfmarker} b you wouldn't expect to be so much but
PhD C: Well we can try it if you generate like the same set of files just up to that point where we stopped anyway and just sti stick them somewhere
Grad F: Yeah , it 's {disfmarker} it 's really not a problem .
PhD A: Actually , no .
PhD C: and I 'll rerun it with
PhD A: Don't stop . Don't stop at that part because we 're actually using the entire conversation to estimate the speaker parameters ,
Grad F: Keep going . Yeah .
PhD A: so shouldn't use {disfmarker} you should s you know , get
Grad F: Yeah , I mean I 'll {disfmarker} I have to do is eh e the reference file would stay the same ,
PhD C: OK .
PhD A:  Right .
Grad F: it 's just the individual segments would be approximately twice as long
PhD A: Mmm .
PhD C: Right . Right .
Grad F: and I could just replace them with the bigger ones in the directory ,
PhD A: Right .
PhD C: I mean I corrected all {disfmarker}
Grad E: Yeah .
Grad F: that 's not a problem .
PhD C: I mean I hand - edited the whole {disfmarker} the whole meeting so that can be run it 's just {disfmarker} Once we get the {disfmarker} the bug out .
PhD A: Mmm .
Postdoc G: One {disfmarker} one question which is I {disfmarker} I had the impression {comment} from this {disfmarker} from this meeting that w that I transcribed that um that there was already automatic downsampling occurring ,
PhD A: Yeah . Mm - hmm .
Postdoc G: is that I thought that in order to
Grad E: Yep .
Postdoc G: so it was {disfmarker} so it 's like there 's already down
Grad E: There 's one level that 's already happening right here .
Professor B: This is being recorded at forty - eight kilohertz . Which is more that anybody needs
Postdoc G: OK .
Grad E: Right .
Grad F: Oh .
Grad E: And it gets downsampled to sixteen .
Postdoc G: OK .
Professor B: so
PhD C: And that 's actually said in your meeting ,
Grad F: Hmm .
Postdoc G: Oh OK .
PhD C: that 's how I know that .
Postdoc G: That 's exactly , and that 's how I know it .
Professor B: Yeah .
PhD C: I {disfmarker} I {vocalsound} It 's like are we downsampling to sixteen ?
Professor B: It 's a digital audio orientation for the board
PhD C: Right .
PhD A: Mmm .
Professor B: it 's in the monitor so it 's
PhD C: Thank God it 's not {vocalsound} more than that .
Grad E: So {disfmarker}
Professor B: Yeah .
Grad E: And I have no idea what filter it 's using ,
Grad F: Is eight kilohertz {disfmarker} is {disfmarker} is eighty kilohertz generally accepted as like standard for voice ?
Grad E: so
Professor B: For telephone stuff .
Grad E: Telephone .
PhD D: Telephone .
Grad F: Yeah that 's what I was gonna say , I mean like {disfmarker}
Professor B: So it 's {disfmarker} it 's {disfmarker} it 's just that they were operating from Switchboard which was a completely telephone database
Grad F: so Oh , I see , so .
Professor B: and so that was a standard for that sixteen s
Grad F: OK .
Grad E: So sixteen seems to be pretty typical for with this sort of thing .
Professor B: Sixteen is more common for {disfmarker} for uh broadband stuff that isn't {disfmarker}
Grad F: Right .
Grad E: That isn't music .
Professor B: that isn't music and isn't telephone ,
PhD C: And I guess if you 're comparing like {disfmarker} uh if you wanna run recognition on the PZM stuff you would want you don't want to downsample the wh that
Professor B: yeah .
Grad E: Why is that ?
Professor B: I don't know .
PhD C: right ? Well I don I mean if it 's any better
Professor B: No actually I would think that you would {disfmarker} you would get better {disfmarker} you 'd get better high frequencies in the local mike .
Grad E: All the way around I 'd think .
Professor B: Uh but who knows ? I mean we do {vocalsound} we {disfmarker} we {disfmarker} we {disfmarker} we {disfmarker} we wanna find all this stuff out ,
PhD C: Yeah well we could try it .
Grad E: Yeah .
Professor B: we don't know .
Grad E: We 're gonna have plenty of low frequency on the P Z Ms with the fans .
PhD C: OK . Yeah .
Professor B: Uh yeah . Yeah .
PhD C: Oh yeah there was just one more thing I wanted to say which is totally unrelated to the recognition except that um well {disfmarker} well it 's sort of related but um good news also uh I got {disfmarker} well Chuck Fillmore agreed to record meetings but he had too many people in his meetings and that 's too bad cuz they 're very animated and but uh Jerry also agreed so uh we 're starting on {disfmarker} on
PhD A: They 're less animated .
PhD C: Well but he has fewer {disfmarker} he {disfmarker} he won't have more than eight and it 's a meeting on even deeper understanding , EDU , so that sounds interesting . As a compliment to our front - end meeting
Grad E: Dot EDU ?
PhD C: and um so that 's gonna start Monday and one of the things that I was realizing is um it would be really great if anyone has any ideas on some kind of time synchronous way that people in the meeting can make a comment to the person whose gonna transcribe it or {disfmarker} or put a {vocalsound} push a button or something when they wanna make a note about "" oh boy you should probably erase those last few "" or uh "" wait I want this not to be recorded now "" or uh something like that s
Professor B: Weren't we gonna do something with a pad at one point ?
Postdoc G: The cross pads ?
Grad E: Yeah , we could do it with the cross pads .
PhD C: Cuz I was thinking you know if {disfmarker} if the person who sets up the meeting isn't there and it 's a group that we don't know um and this came up talking to {disfmarker} to Jerry also that you know is there any way for them to indicate {disfmarker} to make sure that the qu request that they have that they make explicitly get addressed somehow
Professor B: Yeah .
PhD C: so I don't know if anyone has ideas or {disfmarker} you could even write down "" oh it 's about three twenty five and "" {disfmarker}
Professor B: Well what I was just suggesting is {disfmarker} is we have these {disfmarker} this cross pad just for this purpose
Grad E: Yeah , and use that .
Professor B: and just use that
Grad E: Not a bad idea .
Professor B: and if we sink it in {disfmarker}
PhD C: That would be great .
Professor B: The other thing is eh
PhD C: That be great .
Professor B: I don't know if you know this or if it 's a question for the mail to Dan but is this thing of two eight channel boards a maximum for this setup or could we go to a third board ?
Grad E: I don't know . I don't know . I 'll send mail to Dan and ask . I {disfmarker} I think that it 's the maximum we can do without a lot of effort because it 's one board with two digital channels .
Professor B: Oh it is one board .
Grad E: E eight each . So it {disfmarker} it takes two fibers in to the one board . And so w I think if we wanna do that {disfmarker} more than that we 'd have to have two boards , and then you have the synchronization issue .
Professor B: But that 's a question because that would {disfmarker} if it was possible cuz it is i you know already we have a {disfmarker} a {disfmarker} a group of people in this room that cannot all be miked
Grad E: Right .
Professor B: and it 's not just cuz we haven't been to the store , right it 's {disfmarker}
PhD D: What is the limit on each of those f fiber channels , is it the
Grad E: Eight .
PhD D: It just {disfmarker} it 's eight channels come in , does it have do with the sampling rate ?
Grad E: It 's eight . I have no idea . But each {disfmarker} each fiber channel has eight {disfmarker} eight channels and there are two ch two fibers that go in to the card .
Professor B: It might be a hard limitation ,
Grad E: So
Professor B: I mean one thing is it {disfmarker} the whole thing as I said is {disfmarker} is all structured in terms of forty - eight kilohertz sampling so that pushes requirements up a bit
Grad E: Yeah .
Professor B: but
PhD D: I was just wondering if {disfmarker} if that could change .
Grad E: I mean then we 'd also have to get another ADD and another mixer and all that sort of stuff .
PhD D: If we could drop that .
Professor B: Yeah .
Grad E: So I {disfmarker} I 'll send a mail to Dan and ask him .
Professor B: Yeah .
Grad E: OK on the uh are we done with that ? So the oth topic is uh getting more mikes and different mikes , so I got a quote um We can fit {disfmarker} we have room for one more wireless and the wireless , this unit here is three fifty {disfmarker} three hundred fifty dollars , it {disfmarker} I didn't realize but we also have to get a tuner {disfmarker} the receiver {disfmarker} the other end , that 's uh four thirty um and then also
PhD C: For {disfmarker} for each ?
PhD D: Wow .
PhD C: I mean the tuner is four thirty for each .
Grad E: Yep .
PhD C: Wow .
Grad E: And we just need one more so {disfmarker} so
Professor B: Yeah at least w we got the good ones .
Grad E: Yeah . So that 's you know something like seven hundred eighty bucks for one more of these .
Professor B: Yeah . OK .
Grad E: Um and then also um It turns out that the connector that this thing uses is proprietary of Sony
PhD D: Oh .
Grad E: believe it or not and Sony only sells this headset .
Postdoc G: Mmm .
Grad E: So if we wanna use a different set {disfmarker} headset the solution that the guy suggested and they {disfmarker} apparently lots of people have done is Sony will sell you the jack with just wires coming out the end and then you can buy a headset that has pigtail and solder it yourself . And that 's the other solution and so the jacks are forty bucks apiece and the {disfmarker} he recommended um a crown CM three eleven AE headset for two hundred bucks apiece .
Professor B: There isn't this some sort of thing that plugs in , you actually have to go and do the soldering yourself ?
Grad E: Becau - the reason is the only {disfmarker} only thing you can get that will plug into this is this mike or just the connector .
Professor B: No I understand . The reason I ask is these sort of handmade uh wiring jobs fall apart in use so the other thing is to see if we can uh get them to do a custom job and put it together for this .
Grad E: Oh I 'm sure they would , they would just charge us ,
PhD D: Well , and they 'd probably want quantity too ,
Grad E: so .
Professor B: Well
PhD D: they 'd
Professor B: no they 'll just charge us more , so it 's {disfmarker} this
PhD D: Mmm .
Grad E: So {disfmarker} so my question is should we go ahead and get na nine identical head - mounted crown mikes ?
Professor B: Not before having one come here and have some people try it out .
Grad E: OK .
Professor B: Because there 's no point in doing that if it 's not gonna be any better .
Grad E: So why don't we get one of these with the crown with a different headset ?
Professor B: Yeah .
Grad E: And {disfmarker} and see if that works .
Professor B: And see if it 's preferable and if it is then we 'll get more .
PhD C: Comfort .
Grad E: Yeah .
Professor B: Yeah .
PhD C: Cuz I mean I think the microphones are OK it 's just the {disfmarker} the
Grad E: Right , it 's just they 're not comfortable to wear .
Professor B: Right .
PhD C: Could make our own handbands and
Grad E: Um , and he said they don't have any of these in stock but they have them in LA and so it will take about a week to get here .
Professor B: Yeah well it 's {disfmarker}
Grad E: Um so OK to just go order ?
Professor B: We 're in this for the long term , yeah . Just order it .
Grad E: OK
PhD C: It 's a lot of money for a handband .
Grad E: and who is the contact if I wanna do an invoice
Grad F: Yeah .
Grad E: cuz I think that 's how we did it before .
Professor B: Uh we 'll do this off - line , yeah .
Grad F: It 's a long time to get from LA .
Grad E: OK . And then nine channels is the maximum we can do , so .
Professor B: Uh y right cuz {disfmarker} so one is for the daisy chain so that 's fifteen instead of sixteen
Grad E: Without getting more stuff .
Professor B: and there 's six on the table so that 's nine .
Grad E: Right .
PhD C: Can I ask a really dumb question ?
Professor B: Yeah .
PhD C: Is {disfmarker} {vocalsound} is there any way we can have you know like a {disfmarker} a wireless microphone that you pass around to the people who you know the extra people for the times they wanna talk that {disfmarker}
Grad E: Probably .
Professor B: That 's a good idea .
PhD C: I mean {disfmarker}
Professor B: That 's not a dumb question , it 's a good idea ,
PhD C: Well I mean {disfmarker}
PhD A: Like uh like you know Jerry Springer thing ,
Professor B: yeah .
Grad E: I 'm just not sure how we would handle that in the
Grad F: That 's like the Conch .
PhD C: Well but {disfmarker}
PhD D: Like at conferences
PhD A: you know r
PhD C: well but there might be a way to say that there are gonna be these different people
Grad F: See , look .
PhD C: um and I don't know identifying somehow ?
PhD D: so nail the chairs down .
PhD A: Yeah .
Grad E: Yeah , somehow .
PhD C: You know I was just thinking of Jerry Springer .
Grad E: It 's not a bad idea .
Professor B: No that {disfmarker} no {disfmarker} no
PhD A: 
Professor B: that 's a very {disfmarker} if we can't get another board and even if we can I have a feeling they 'll be some work .
PhD D: The Springer mike .
PhD C: I mean for the few times that you might wanna have that .
Professor B: Let 's figure that we have eight which are set up and then there 's a ninth which is passed around to {disfmarker}
Grad E: A hand - held , yeah .
Professor B: that 's a good idea
PhD D: Infinite expansion .
Professor B: Right . Kind of rules out overlap but {disfmarker} {vocalsound} but uh
PhD C: Well or also for you know if people are not
Professor B: Yeah .
Grad E: Well we could just hand around the lapel .
Professor B: Uh no {disfmarker} no that 's {disfmarker}
Grad E: Rather than get a {disfmarker}
PhD C: No not the lapel .
Grad E: do you want a handset ?
Professor B: No .
Grad E: Well I mean is the {disfmarker} is the hand - held really any better ?
PhD D: Liz hates the lapel .
Professor B: Yes .
PhD C: I don't know
Grad E: OK .
PhD C: but I d I know the lapel is really suboptimal .
Professor B: No it {disfmarker} no it depends on the hand - held
Grad E: Is awful ?
Professor B: but hand {disfmarker} many hand - helds are built wi with sort of uh anti - shock sort of things so that it {disfmarker} it is less uh susceptible to hand noises . If you hold the lapel mike i you just get all k sorts of junk .
PhD D: Mm - hmm .
PhD C: Right . I mean the ones they really pass around must be sort of OK .
Grad E: OK .
Professor B: so
Grad E: So I wonder if they have one that will hook up .
Professor B: Yeah . They have {disfmarker} What ?
Grad E: I wonder if they have one that will hook up to this or whether again we 'll have to wire it ourselves .
PhD D: Well , you wouldn't want it to hook there you 'd just want it to hook into the receiver in the other room , right ?
Professor B: No that 's uh {disfmarker} you need a transmitter .
Grad E: What ?
PhD D: Is th isn't that built into the mike ?
Professor B: Oh I see . Get a {disfmarker} get a different radio , yeah .
PhD C: Yeah just these ones that they pass around with no you know wireless
Professor B: Yeah . But you need a ra but it has to correspond to the receiver .
PhD D: Have a little antenna coming out the bottom .
Grad E: It 's gonna be much easier to get one of these and just plug in a mike , isn't it ?
PhD D: But then the mike has to h
PhD A: Do you have to hand it around and if you have two pieces of
Professor B: No no {disfmarker}
PhD C: Right .
Grad F: Yeah .
PhD A: 
Professor B: so right , so this is a good point , so yeah you have these {disfmarker} these mikes with a little antenna on the end right ?
Grad E: OK . And do you think you would be able to use the same receiver ?
Professor B: I don't know . You 'll have to check with them ,
Grad E: OK I 'll {disfmarker} I 'll ask .
Professor B: yeah . But that 's {disfmarker} that 's a great idea
PhD D: It 's just a frequency .
Grad E: Yeah .
Professor B: and then just sort of have that as the {disfmarker} and then you can have groups of twenty people or whatever and {disfmarker} and uh
PhD C: Yeah because there 's only I mean as Andreas pointed out actually I think in the large {disfmarker} the larger the group the less interaction {disfmarker} the less people are talking um over each other {disfmarker}
PhD A: Pretty soon .
PhD D: Mmm , yeah .
PhD C: it just {disfmarker} there might be a lot of people that speak once or twice and
Professor B: Right .
PhD A: Um Gotta go .
Professor B: Off you go , yeah .
Grad E: OK so I guess people who have to leave can leave and do we have anything else to discuss or should we just do digits ?
Postdoc G: I {disfmarker} I thought of some extra {disfmarker} a couple of extra things I 'd like to mention .
Grad E: OK .
Postdoc G: One of them is to give you a status in terms of the transcriptions so far . So um as of last night um I 'd assigned twelve hours and they 'd finished nine
Grad E: uh Yep ,
Postdoc G: and my goal was to have eleven done by the end of the month , I think that by tomorrow we 'll have ten .
PhD C: Uh it 's great {disfmarker}
Professor B: Pretty close ,
Postdoc G: So they 're still working .
Professor B: that 's good .
PhD C: I j and this {disfmarker} I got this email from Jane at like two in the morning or something
PhD D: Wow .
Grad E: that 's good .
PhD C: so it 's really great
Postdoc G: It 's working out , thanks .
PhD C: It 's really great .
Postdoc G: Thanks . And then um also an idea for another meeting , which would be to have the transcribers talk about the data It 's sort of a {disfmarker} a little bit {disfmarker} a little bit
PhD C: That 's a great idea .
Professor B: Super idea .
Grad E: Yep , that 'd be very interesting .
PhD C: That 's a great idea cuz I 'd like to g have it recorded so that we can remember all the little things ,
Grad F: Yeah .
Grad E: I 'd love to hear what they have to say .
Postdoc G: Yeah .
PhD C: that 's a great idea .
PhD D: So if we got them to talk about this meeting , it would be a meta {disfmarker} meta meeting .
Postdoc G: Yeah . Yeah , exa {vocalsound} exactly I guess {disfmarker} nested several layers ,
Professor B: Now you have eight transcribers and there 's ten of us
Postdoc G: but
Professor B: so how do we do this , is the only thing .
PhD C: Or just have them talk amongst themselves .
PhD D: Have them have their own meeting .
PhD C: And have
Postdoc G: Well that 's what I 'm thinking ,
Professor B: Oh .
Postdoc G: yeah . Have them talk about the data and they {disfmarker} and they 've made observations to me
PhD C: that would be great .
Postdoc G: like they say uh you know this meeting that we think has so much overlap , in fact it does but there are other groups of similar size that have very little , you know it 's part of it 's {disfmarker} it 's the norm of the group and all that and they have various observations that would be fun , I think .
PhD C: That 's a great idea .
Grad E: Yeah , I 'd like to hear what they s say .
Postdoc G: Yeah .
PhD C: Be great .
Professor B: So maybe we could {disfmarker} they could have a meeting more or less without us that {disfmarker} to do this and we should record it
Postdoc G: OK .
Professor B: and then maybe one or two of them could come to one of these meetings and {disfmarker} and could you know could tell us about it .
Postdoc G: Yeah .
Grad E: Give us a status .
PhD C: Yeah .
Postdoc G: Oh good . OK .
Professor B: Yeah .
PhD C: It 's {disfmarker} they will get to transcribe their own meeting but they also get paid for having a break
Grad E: That would be weird .
Postdoc G: What {disfmarker} what yeah that 's right .
PhD C: and I think that 's a good idea ,
Postdoc G: Yeah exactly , yeah .
Professor B: Yeah .
PhD C: get them involved .
Postdoc G: Great .
PhD C: Um that 's a great idea .
Postdoc G: Great .
Professor B: Super .
PhD C: I 'm really sorry I have to g no I have to go as well .
Professor B: OK .
Postdoc G: And then I wanted to also um say something about the Fiscus uh uh John {disfmarker} John Fiscus visit tomorrow . And Which is to say that w it 'll be from nine to one that I 'm going to uh uh offer the organization {disfmarker} allow him to uh adjust it if he wishes but to be basically in three parts , the acoustic part coming first which would be basically the room engineering aspects um other things and he 'll be also presenting what NIST is doing and {disfmarker} and uh then uh number two would be sort of a the {disfmarker} the transcription process so this would be a focus on like presegmentation and the modifications to the {disfmarker} the multitrans interface which allows more refined encoding of the beginnings and ends of the overlapping segments which uh Dave Gelbart 's been doing and then um uh and of course the presegmentation Thilo 's been doing and then um the third part would {disfmarker} and again he has some stuff that 's i relevant with respect to NIST and then the third one would be focus on transcription standards so at NIST he 's interested in this establishment of a global encoding standard I guess I would say and I want it , you know k yeah see what they 're doing and also present what {disfmarker} what we 've chosen as ours and {disfmarker} and discuss that kind of thing . And so but he 's only here until until one and actually we 're thinking of noon being uh lunch time so basically hoping that we can get as much of this done as possible before noon . S
Professor B: OK .
Postdoc G: And everybody who wants to attend is welcome . So
Grad E: Oh , where you 're gonna meet ?
Postdoc G: yeah . Here mostly but I 've also reserved the BARCO room um eh to figure out how that works in terms of like maybe having a live demonstration .
Professor B: OK but the nine o ' cl nine o ' clock will be i be in here . Yeah , OK .
Postdoc G: Yeah . Mm - hmm .
Grad E: I assume we 're not gonna try to record it ?
Postdoc G: Oh I think that would be hard , yeah .
Professor B: Yeah , I think just adds {disfmarker}
Grad E: Alright .
Postdoc G: Yeah .
Professor B: Um good .
Postdoc G: Thank you though , uh - huh .
Professor B: So maybe do digits and recess ?
Grad E: Unless there 's anything else ?
Postdoc G: Yeah . Yeah .
PhD D: Do digital ones ?
Professor B: Uh OK .
Postdoc G: Yeah .
Grad E: Uh should y we make him wear Andreas ' mike or would that just be too confusing ?
Professor B: Yeah . No I don't think it 's confusing . Well , it doesn't confuse me .
Postdoc G: When we do this in the key {disfmarker} in the key {disfmarker} in the key it has to indicate that channel change ,
PhD D: Does it mess up the forms ?
Postdoc G: right ?
Grad E: Uh yeah I just don't know how we would do that , so . I mean other than free {disfmarker} free form .
Postdoc G: Well i have a time mark .
PhD D: The on switch is here on the {disfmarker} on the top there .
Postdoc G: Yeah .
Professor B: OK .
Grad E: And just clip it to your collar .
Professor B: That 's fine .
Grad J: OK , my name is uh Espen Eriksen . I 'm a Norwegian . Um uh this is my second semester at Berkeley . Currently I 'm taking uh my first graduate level courses in DSP and um when I come back to Norway I 'm gonna continue with the {disfmarker} more of a research project work {disfmarker} kind of work . So this semester I 'm starting up with a {disfmarker} with a small project through uh Dave Gelbart which I 'm taking a course with I got in touch with him and he told me about this project . So with the help of uh Dan Ellis I 'm gonna do small project associated to this . What I 'm gonna try to do is uh use {disfmarker} use ech echo cancellation to uh to handle the periods where you have overlapping talk . To try to do something about that . So currently I 'm um I 'm just reading up on echo cancellation , s looking into the theory behind that and then uh hopefully I get some results . So it {disfmarker} it 's a {disfmarker} it 's a project goes over the course of one semester .
Grad E: Great .
Grad J: So I 'm just here today to introduce myself . Tell about I 'll be {disfmarker} I 'll be working on this .
Grad E: And are you staying at Berkeley or is {disfmarker} are you just here a semester ?
Grad J: This is my second semester and last .
Grad E: Ah second and last ,
Professor B: Yeah .
Grad E: OK .
Grad J: So I leave
Professor B: He 's in the {disfmarker} he 's in the cour two two five D course .
Grad J: Yeah , I 'm in Morgan 's course ,
Professor B: So , yeah .
Grad J: yeah .
Grad E: Good .
PhD D: Welcome .
Postdoc G: Then you {disfmarker} then you go back to Norway , that 's OK .
Grad J: Yeah .
Grad F: We were just talking about something like this yesterday or yeah yesterday with Liz . About doing some of the {vocalsound} echo cancellation stuff or possibly the spectroanalysis over the overlaps , so . Cool .
Grad J: Yeah .
Professor B: OK ,
Grad E: Digits ?
Professor B: let 's do digits . OK .
Grad E: And stop .",What was the general discussion?,"The group discussed recognition results generated for 20 minutes of close-talking microphone data. Recognition performance was very good, indicating promising results for forced alignment procedures and the ability to analyze other important signal information, e.g. prosody and overlapping speech. It was decided that close-talking data should be downsampled and fed to the SRI recognizer to compare recognition performance, and that data from the far-field microphones should be tested on the recognizer as soon as possible. The group also discussed recording setup and equipment issues. ","The general discussion was about the recognition results of a meeting, specifically the use of a new recognizer and the results of a twenty-minute segment of the meeting. The discussion also touched on the issue of downsampling, the use of different microphones, and the need for a more efficient way to handle the transcription of meetings. Additionally, the group discussed the upcoming visit of John Fiscus from NIST and the possibility of having a meeting with the transcribers to discuss their observations and experiences.",3.417483126744628,16.195435367524624,7.904239904549426
3,qmsum,2,"Grad F: Test .
Postdoc G: OK .
Professor B: Let 's see , I should be Two .
PhD D: Up high {disfmarker}
Grad E: As close to your mouth as you can get it .
Professor B: La
PhD D: high as you can get .
Professor B: Is this channel one ?
Postdoc G: Yeah , on your upper lip .
PhD H: Channel one one one .
Professor B: Gee , OK . Yes . OK .
Grad E: OK , so for {disfmarker} for {disfmarker} For people wearing the wireless mikes , like {disfmarker} like this one , I find the easiest way to wear it is sorta this {disfmarker} this sorta like that .
PhD H: This is {disfmarker} chan channel channel one one two three
Grad F: Channel five , channel five .
Professor B: Yeah . Mm - hmm . What do you do ,
Grad E: It 's actually a lot more comfortable then if you try to put it over your temples ,
Grad F: Test , test test .
Professor B: you do it higher ?
Grad E: so {disfmarker}
Professor B: Mm - hmm .
PhD D: Adam 's just trying to generate good uh data for the recognizer there .
Postdoc G: Yeah , I think we 're supposed to {disfmarker} that 's right .
Grad E: And then also , for {disfmarker} for all of them , if your boom is adjustable , the boom should be towards the corner of your mouth ,
Grad F: Test test .
PhD A: By the way , there was a bug . Yeah , i it wasn't using the proper
PhD D: Oh it was .
Grad E: and about a uh a thumb to a thumb and a half distance away from your mouth ,
PhD A: basically it wasn't adapting anything .
PhD D: Oh .
Grad E: so about like I 'm wearing it now .
PhD D: Oh that 's interesting . So why didn't you get the same results and the unadapted ?
Grad E: so so Jane , you could actually do even a little closer to your mouth ,
PhD H: It 's not always possible .
PhD A: Hmm ?
PhD D: Why didn't you get the same results and the unadapted ?
Postdoc G: I could {disfmarker} can this be adjuste like this ?
Grad E: but {disfmarker}
PhD A: Oh , because when it estimates the transformer pro produces like a single matrix or something .
Grad E: Yep .
Postdoc G: Is that @ @ ? OK , thank you .
Grad F: Adam , I 'm not {disfmarker}
PhD D: O Oh oh I see .
Grad F: uh , looks kinda low on channel five {disfmarker}
PhD D: I see , I see .
Professor B: OK .
Grad F: no ?
Grad E: Channel five , s speak again .
Grad F: Maybe not .
Postdoc G: Hello .
PhD A: Basically there were no counts
Grad E: Yeah , that 's alright .
Grad F: Hello ?
Grad E: I mean , we could {disfmarker} we could up the gain slightly if you wanted to .
Grad F: It 's OK ?
PhD H: Yeah .
Grad F: Is this OK ?
PhD H: OK .
PhD D: I see what you mean .
PhD C: Who 's channel B ?
Grad E: but {disfmarker} Uh , channel B is probably Liz .
PhD C: Uh oh .
PhD H: Uh channel B {disfmarker} I am channel B .
Professor B: You wanna close this ,
Postdoc G: Channel eight , eight .
Professor B: or
PhD C: No I
Grad E: Thank you .
PhD H: No , channel B .
PhD A: Hello , hello .
PhD C: yeah , yeah , you 're channel B .
PhD H: Yeah , yeah .
PhD C: So can you talk a bit ? I thought it might be too
PhD H: OK , yeah , channel B , one two three four five .
PhD C: OK .
Grad E: Yeah , it 's alright . So , the gain isn't real good .
Professor B: We 're recording ,
PhD C: OK .
Professor B: right ?
Grad E: OK , so we are recording .
PhD H: Ah .
Professor B: Yeah .
PhD A: OK .
Grad E: Um everyone should have at least two forms possibly three in front of you depending on who you are .
Grad F: Oh .
Grad E: Um we {disfmarker} we 're doing a new speaker form and you only have to spea fill out the speaker form once but everyone does need to do it . And so that 's the name , sex , email , et cetera .
PhD H: Mm - hmm .
Grad E: We {disfmarker} we had a lot of discussion about the variety of English and so on so if you don't know what to put just leave it blank . Um I {disfmarker} I designed the form and I don't know what to put for my own region ,
PhD A: Mmm .
Grad E: so
PhD D: California .
PhD A: I think {disfmarker}
Grad E: California .
PhD H: California .
PhD A: Um may I make one suggestion ? Instead of age put date of {disfmarker} uh year of birth
Grad E: Sure .
PhD A: because age will change , but The year of birth changes , you know , stays the same , usually .
Grad E: Oh .
PhD C: A actually , wait a minute ,
Grad E: Birth year ?
Postdoc G: Although on {disfmarker}
PhD A: Yeah .
PhD C: shouldn't it be the other way around ?
PhD D: Not for me .
Postdoc G: course on the other {disfmarker} on the other hand you could {disfmarker} you view it as the age at the time of the {disfmarker}
PhD C: On the other side ,
PhD A: Well the thing is , if ten years from now you look at this form knowing that {disfmarker}
PhD C: yeah .
Postdoc G: Yes , but what we care about is the age at {disfmarker} at the recording date rather than the {disfmarker}
PhD C: O yeah .
PhD D: But there 's no other date on the form .
PhD C: W we don't care how they {disfmarker} old they really are .
PhD A: Well {disfmarker} well I don't know .
Postdoc G: Yes . {vocalsound} Unless we wanna send them a card .
Grad E: Well I guess it depends on how long the corpus is gonna be collected for .
PhD A: Anyway .
Postdoc G: Yeah , that 's true .
PhD C: I still don't see the problem .
Grad E: Either way yeah I think {disfmarker} I think age is alright
PhD A: OK .
Grad E: and then um there will be attached to this a point or two these forms uh so that you 'll be able to extract the date off that
PhD A: Mm - hmm .
Grad E: so , anyway . And so then you also have a digits form which needs to be filled out every time , the speaker form only once , the digit form every time even if you don't read the digits you have to fill out the digits form so that we know that you were at the meeting . OK ? And then also if you haven't filled one out already you do have to fill out a consent form . And that should just be one person whose name I don't know . OK ?
Grad F: Do you want this {pause} Adam ?
Grad E: Uh sure . Thank you .
Professor B: So uh
Grad E: OK so should we do agenda items ?
Professor B: Uh oh that 's a good idea . I shouldn't run the meeting .
Grad E: Uh well I have {disfmarker} I wanna talk about new microphones and wireless stuff .
Postdoc G: Mmm .
Grad E: And I 'm sure Liz and Andreas wanna talk about recognition results . Anything else ?
PhD C: I guess {disfmarker} what time do we have to leave ? Three thirty ?
PhD A: Yeah .
PhD C: Yeah ,
Grad E: Why don't you go first then .
PhD C: so .
Professor B: Yeah , good idea .
PhD A: OK .
PhD C: Um Well , I {disfmarker} I sent out an email s couple hours ago so um with Andreas ' help um Andreas put together a sort of no frills recognizer which is uh gender - dependent but like no adaptation , no cross - word models , no trigrams {disfmarker} a bigram recognizer and that 's trained on Switchboard which is telephone conversations . Um and thanks to Don 's help wh who {disfmarker} Don took the first meeting that Jane had transcribed and um {vocalsound} you know separated {disfmarker} used the individual channels we segmented it in into the segments that Jane had used and uh Don sampled that so {disfmarker} so eight K um and then we ran up to I guess the first twenty minutes , up to synch time of one two zero zero so is that {disfmarker} that 's twenty minutes or so ? Um yeah because I guess there 's some ,
Grad E: Or so .
PhD C: and Don can talk to Jane about this , there 's some bug in the actual synch time file that ah uh I 'm {disfmarker} we 're not sure where it came from but stuff after that was a little messier . Anyway so it 's twenty minutes and I actually
Grad E: Hmm .
PhD C: um
Grad E: I {disfmarker} was that {disfmarker} did that {disfmarker} did that recording have the glitch in the middle ?
Postdoc G: I 'm puzzled by that . I {disfmarker} oh {disfmarker} oh , I see .
PhD C: There 's {disfmarker} there 's a {disfmarker}
Postdoc G: Oh there was a glitch somewhere .
PhD C: yeah , so that actually um
Grad F: Was it twenty minutes in ,
PhD C: if it was twenty minutes in then I don't know
Postdoc G: I forgot about that .
Grad F: I thought {disfmarker}
PhD A: Well it was interesting ,
Postdoc G: Well , I mean , they {disfmarker}
PhD A: suddenly {disfmarker} the {disfmarker} the overall error rate when we first ran it was like eighty percent
Grad E: I don't remember when it is .
Postdoc G: but I was able to can transcribe
PhD A: but i looking at {disfmarker} the first sentences looked much better than that and then suddenly it turned very bad and then we noticed that the reference was always one off with the {disfmarker} it was actually recognized
PhD C: Wel
Grad E: Oh no .
Grad F: Yeah , that might be {disfmarker} that might be {disfmarker} that might be my fault .
Postdoc G: Wow .
PhD A: so
Grad E: Oh so that was just a parsing mismatch .
Grad F: I 'm not {disfmarker}
PhD A: OK .
PhD C: No actually it was {disfmarker} yeah i it was a complicated bug because they were sometimes one off and then sometimes totally random so um
Grad F: yeah , I was pretty certain that it worked up until that time ,
Postdoc G: Oh . That 's not good .
PhD C: Yeah
PhD A: OK .
PhD C: so that 's what we have
Grad E: Alright .
Grad F: so
PhD C: but that {disfmarker} that will be completely gone if this synch time problem
Postdoc G: Yeah .
Grad E: The {disfmarker} the glitch
PhD A: So {disfmarker} so we have everything recognized but we scored only the first uh whatever , up to that time to
Postdoc G: And the only glitch {disfmarker}
Grad E: yeah .
Postdoc G: yeah .
PhD C: So you guys know .
Professor B: S sorry I haven't seen the email ,
PhD C: Yeah .
Grad E: Th - the
Postdoc G: The {disfmarker} the {disfmarker} well {disfmarker} wait
Professor B: what was the score ?
PhD C: So here 's the actual copy of the email
Postdoc G: we should say something about the glitch . He {disfmarker} he can say something about the glitch .
PhD C: um oh OK
Grad E: yeah .
Postdoc G: Cuz it 's {disfmarker} it 's {disfmarker} it 's {disfmarker} h it 's {disfmarker} it 's very small {disfmarker}
PhD C: so does this glitch occur at other {disfmarker}
Grad E: There {disfmarker} there {disfmarker} there 's an acoustic glitch that occurs where um the channels get slightly asynchronized
Postdoc G: very small . Yep .
PhD C: Oh .
PhD A: Mmm .
PhD C: Right .
Grad E: so the {disfmarker} that {disfmarker} that problem has gone away in the original driver believe it or not when the SSH key gen ran the driver paused for a fraction of a second
Professor B: Hmm .
Grad F: Hmm .
Grad E: and so the channels get a little asynchronous and so if you listen to it in the middle there 's a little part where it starts doing {disfmarker} doing click sounds .
Professor B: So {disfmarker}
PhD C: And is it only once that that happens ?
Grad E: But yeah
PhD C: OK .
Grad E: it {disfmarker} right once in the middle .
PhD C: There 's {disfmarker} the previous page has some more information about sort of what was wrong
Professor B: so {disfmarker} so un unsurprisingly Adam is the golden voice ,
PhD C: but
Grad E: Um But that shouldn't affect anything
PhD C: OK so that 's actually
Postdoc G: S and it {disfmarker}
Professor B: you see this here ?
PhD C: It {disfmarker} y it 's {disfmarker}
Grad E: yeah yeah "" bah ""
PhD C: OK no {disfmarker}
PhD A: Oh , and {disfmarker}
PhD C: What happens is it actually affects the script that Don {disfmarker}
PhD D: Huh .
PhD C: I mean if we know about it then I guess it could always be checked for it
Grad E: Well the acoustic one shouldn't do anything .
PhD C: but they
Grad F: Yeah , I don't know exactly what affected it
Postdoc G: I agree . I agree .
PhD A: I {disfmarker} I have {disfmarker}
Grad F: but I 'll {disfmarker} I 'll talk to you about it ,
PhD A: Yeah .
Grad E: But I {disfmarker} I do remember {disfmarker}
PhD C: Yeah .
Grad F: I 'll show you the point .
Postdoc G: Yeah . It {disfmarker} it had no effect on my transcription ,
PhD A: Mmm .
Postdoc G: you know , I mean I {disfmarker} I had no trouble hearing it and {disfmarker} and having time bins
Grad E: I do remember seeing once the transcriber produce an incorrect XML file where one of the synch numbers was incorrect .
Postdoc G: but there was a {disfmarker} Oh .
PhD C: Well , the {disfmarker} the synch time {disfmarker} the synch numbers have more significant digits than they should ,
Grad F: That 's what happened .
Postdoc G: Oh .
PhD H: Yeah .
Grad E: Where {disfmarker} where they weren't monotonic .
Grad F: There was {disfmarker} yeah , I mean {disfmarker}
PhD C: right ? There 's things that are l in smaller increments than a frame .
PhD H: Yeah .
Postdoc G: Oh , interesting .
PhD C: And so then , I mean you look at that and it 's got you know more than three significant digits in a synch time then that can't be right
Grad E: Oh OK so that 's
Grad F: Hmm .
Postdoc G: Oh .
PhD A: Mmm .
PhD C: so anyway it 's {disfmarker} it 's just {disfmarker}
Grad E: yeah sounds like a bug .
Postdoc G: Yeah .
PhD C: that 's why we only have twenty minutes but there 's a significant amount of {disfmarker}
Grad F: Non - zero ? Um there are like more {disfmarker} cuz there 's a lot of zeros I tacked on just because of the way the script ran ,
Grad E: The other one I saw was that it yeah .
Grad F: I mean but there were there was a point .
PhD C: Yeah that was fine . That {disfmarker} that was OK .
Grad E: The other one I saw was non non - monotonic synch times
Grad F: OK .
Grad E: and that definitely indicra indicates a bug .
Grad F: Uh .
PhD C: Well that would really be a problem , yeah . So anyway these are just the ones that are the prebug for one meeting .
Grad F: Yeah .
PhD C: um and what 's {disfmarker} which {disfmarker}
Grad E: So that 's very encouraging .
PhD C: this is really encouraging cuz this is free recognition ,
Professor B: Hmm .
PhD H: Yeah .
Professor B: Cool .
PhD A: Mmm .
PhD C: there 's no I mean the language model for Switchboard is totally different so you can see some like this Trent Lott which
PhD D: Trent Lott .
PhD C: um I mean these are sort of funny ones ,
PhD D: It 'll get those though .
PhD C: there 's a lot of perfect ones and good ones and all the references , I mean you can read them and when we get more results you can look through and see
Grad E: I and as I said I would like to look at the lattices
PhD A: Mm - hmm .
PhD C: but um it 's pretty good .
Grad E: because it sounded like even the ones it got wrong it sort of got it right ?
PhD C: Well so I guess we can generate
Grad E: Sounds likes ?
PhD A: There are a fair number of errors that are , you know where {disfmarker} got the plural S wrong or the inflection on the verb wrong .
Postdoc G: Mm - hmm .
PhD C: um
Grad E: Yeah , and who cares ? And {disfmarker} and there were lots of {disfmarker} of course the "" uh uh "" - s , "" in on "" - s "" of uh "" - s .
PhD A: Mmm , so if {disfmarker}
PhD C: there 's {disfmarker} No those are actually
PhD A: Yeah .
PhD C: a lot of the errors I think are out of vocabulary ,
PhD A: Mm - hmm .
PhD C: so is it like PZM is three words , it 's PZM ,
PhD A: Mm - hmm .
PhD C: I mean there 's nothing There 's no language model for PZM or
Grad E: Right . Ri - ri right .
PhD C: um
Grad E: Did you say there 's no language for PZM ?
PhD C: No language model , I mean those {disfmarker}
Grad E: Do you mean {disfmarker} so every time someone says PZM it 's an error ? Maybe we shouldn't say PZM in these meetings .
PhD C: Well {disfmarker} well there 's all kinds of other stuff like Jimlet and I mean um anyway there {disfmarker}
Grad E: Yeah , that 's right , Jimlet .
Professor B: Well , we don't even know what that means ,
PhD C: so {vocalsound} but this is really encouraging because
Professor B: so I
Grad E: Yeah , that 's right .
PhD C: so , I mean the bottom line is even though it 's not a huge amount of data um it should be uh reasonable to actually run recognition and be like within the scope of {disfmarker} of r reasonable s you know Switchboard this is like h about how well we do on Switchboard - two data with the Switchboard - one trained {disfmarker} mostly trained recognizer
Grad E: Right .
PhD C: and Switchboard - two is {disfmarker} got sort of a different population of speakers and a different topic
Grad E: Excellent .
PhD C: and they 're talking about things in the news that happened after Switchboard - one so there was @ @ so that 's great .
Professor B: Yeah . Yeah so we 're in better shape than we were say when we did {disfmarker} had the ninety - three workshop
PhD C: Um
Professor B: and we were all getting like seventy percent error on Switchboard .
PhD A: Mm - hmm .
PhD C: Oh yeah
Professor B: you know
PhD C: I mean this is really ,
PhD A: Mmm .
PhD C: and thanks to Andreas who , I mean this is a
PhD A: Mmm .
Grad E: Well especially for the very first run , I mean you {disfmarker}
PhD A: Oh it 's the {disfmarker}
Professor B: Yeah .
PhD C: eh um
Professor B: Yeah .
PhD C: yeah
Grad E: the first run I ran of Switchboard I got a hundred twenty percent word error but
PhD C: So and what al also this means is that
Postdoc G: Right .
PhD C: um
Grad E: Not Switchboard ,
PhD A: Well it 's {disfmarker}
PhD C: I mean there 's a bunch of things in this note to various people
Grad E: uh Broadcast News .
PhD C: especially I guess um with Jane that {disfmarker} that would help for {disfmarker} since we have this new data now uh in order to go from the transcripts more easily to um just the words that the recognizer would use for scoring . I had to deal with some of it by hand but I think a lot of it can be automated s by {disfmarker}
Professor B: Oh one thing I guess I didn't get so you know the language model was straight from {disfmarker} from bigram from Switchboard the acoustic models were also from Switchboard or {disfmarker} or
PhD A: Yeah .
PhD C: Yeah .
Professor B: So they didn't have anything from this acoustic data in yet ?
Postdoc G: That 's amazing .
Grad E: Yeah , so that 's great .
PhD C: No .
Professor B: OK .
PhD C: And actually {disfmarker} we actually um used Switchboard telephone bandwidth models
Postdoc G: That 's amazing .
PhD A: Well that 's {disfmarker} those are the only we ones there are ,
Professor B: Yeah .
PhD C: which I guess
PhD D: I was just gonna say ,
PhD C: so that 's the on that 's the only acoustic training data that we have a lot of
PhD D: yeah .
PhD A: I mean
Grad E: Yeah .
PhD A: Right .
PhD C: and I guess Ramana , so a guy at SRI said that um there 's not a huge amount of difference going from {disfmarker}
Professor B: Right .
PhD C: it 's {disfmarker} it 's not like we probably lose a huge amount but we won't know because we don't have any full band models for s conversational speech .
PhD D: It 's probably not as bad as going f using full band models on telephone band speech
PhD C: So .
PhD A: Oh yeah .
PhD C: Right .
PhD D: right ?
PhD A: Yeah .
Professor B: Yeah ,
PhD C: Right , so it 's {disfmarker} so
Professor B: but for Broadcast News when we {disfmarker} we played around between the two there wasn't a huge loss .
Grad E: Right , it was not a big deal .
PhD C: Yeah
PhD A: I should {disfmarker} I should say that {disfmarker} the language model is not just Switchboard
PhD C: so I wou so that 's good .
Grad E: Although combining em worked well .
PhD A: it 's also {disfmarker} I mean there 's uh actually more data is from Broadcast News but with a little less weight
PhD C: Yeah .
PhD A: uh because
Professor B: Uh - huh .
PhD C: Like Trent Lott must have been from
PhD A: mm - hmm , right .
PhD C: I guess {vocalsound} Switchboard was before
PhD A: Um By the way just {disfmarker} for fun we also ran ,
PhD C: uh .
Professor B: Good point .
PhD A: I mean our complete system starts by doing ge a gender detection
Professor B: Mm - hmm .
PhD A: so just for the heck of it I ran that
Grad E: And it said a hundred percent male ?
PhD A: um and it might be reassuring for everybody to know that it got all the genders right .
PhD C: The j
PhD A: Yeah so
Grad E: Oh it did ?
Postdoc G: Oh that 's {disfmarker} I 'm glad .
Grad E: It got all two genders ?
PhD C: Yeah but you know Jane and Adam have you kn about equal performance
PhD A: Yeah . Yes .
PhD C: and uh and that 's interesting cuz I think the {disfmarker} their language models are quite different so and I {disfmarker} I 'm pretty sure from listening to Eric that , you know given the words he was saying and given his pronunciation that the reason that he 's so much worse is the lapel .
Professor B: Yeah .
Grad E: Right .
Postdoc G: That makes a lot of sense ,
PhD C: So it 's nice now if we can just sort of eliminate the lapel one when {disfmarker} when we get new microphones
Postdoc G: yeah . Very possible .
Professor B: Yeah I {disfmarker} I {disfmarker} I would bet on that too
PhD C: that would be worth it
Professor B: cuz he certainly in that {disfmarker} when as a {disfmarker} as a burp user he was {disfmarker} he was a pretty uh strong one .
PhD C: um Yeah
Grad E: Sheep .
PhD C: he {disfmarker} he {disfmarker} he sounded to me just from {disfmarker} he sounded like a ,
Professor B: Yeah .
PhD C: what 's it a sheep or a goat ?
Professor B: Sheep .
Grad E: A sheep .
PhD C: Sheep ,
Grad E: Baah .
Professor B: Yeah . Sheep is good .
PhD C: right . Sounded good .
Professor B: Yeah .
PhD C: Right so um so I guess the good news is that
Postdoc G: Mm - hmm .
PhD C: and {disfmarker} and again this is without a lot of the sort of bells and whistles that we c can do with the SRI system and we 'll have more data and we can also start to maybe adapt the language models once we have enough meetings . So this is only twenty minutes of one meeting with no {disfmarker} no tailoring at all .
PhD A: I mean clearly there are um with just a small amount of uh actual meeting transcriptions uh thrown into the language model you can probably do quite a bit better because the {disfmarker}
PhD C: Yeah . The voca the vocabulary especially
Grad E: Or just dictionary .
PhD C: yeah .
PhD A: Not that much the vocabulary actually
PhD C: Yeah , so .
PhD A: I think {disfmarker} um well we have to see but {disfmarker} it 's uh {disfmarker}
PhD C: Yeah . It 's pretty good um so then
Professor B: Have to add PZM and so on
Grad E: And I have to try it on the far field mike
Professor B: but
PhD C: PZM
Grad E: yeah .
PhD C: and then there 's things like for the transcription I got when someone has a digit in the transcript I don't know if they said , you know one one or eleven and I don't know if they said Tcl or TCL . there 's things like that where , you know the um we 'll probably have to ask the transcribers to indicate some of those kinds of things but in general it was really good and I 'm hoping {disfmarker} and this is {disfmarker} this is good news because that means the force alignments should be good and if the force alignments , I mean it 's good news anyway but if the force alignments are good we can get all kinds of information . For example about , you know prosodic information and speaker overlaps and so forth directly from the aligned times . Um so that 'll be something that actually in order to assess the forced alignment um we need s some linguists or some people to look at it and say are these boundaries in about the right place . Because it 's just gonna give us time marks
PhD D: But you know {disfmarker}
Grad E: Well we 've done that for one meeting .
PhD C: so . For forced alignment .
Grad E: Uh oh oh f not for words
PhD C: Ye - right .
Grad E: I 'm sorry just for overlaps is we did it for not {disfmarker} not for words .
PhD C: Right . So this would be like if you take the words um you know and force align them on all the individual close talk uh close talking mikes then how good are these sort of in reality
Grad E: Right .
PhD C: and then I was thinking it {disfmarker}
Grad E: So we might want to take twenty minutes and do a closer word level transcription . Maybe actually mark the word boundaries .
PhD C: Oh or {disfmarker} i have someone look at the alignments uh maybe a linguist who can say um you know roughly if these are OK and how far away they are .
Professor B: Yeah .
PhD C: Um but I think it 's gotta be pretty good because otherwise the word recognition would be really b crummy .
Grad E: Right , right .
PhD C: It wouldn't necessarily be the other way around , if the wor word recognition was crummy the alignment might be OK but if the word recognition is this good the alignment should be pretty good . So that 's about it .
Professor B: I r
PhD D: I wonder if this is a good thing or a bad thing though , I mean if we 're pr
Grad E: That we 're starting so well ?
PhD D: yeah if we 're producing a database that everybody 's gonna do well on
Professor B: Oh
Grad E: Don't worry about it w d that 's that 's the close talking mikes . Try it on the P Z Ms and {disfmarker} and
Professor B: Yeah , which {disfmarker} I would {disfmarker} which {disfmarker} well n n n n
PhD D: So the real value of the database is these ?
PhD H: Yeah , yeah , yeah , yeah .
Grad E: Yeah , abso well no but
Professor B: I mean there 's still just the w the percentages and , I mean they 're not {disfmarker} a as we 've talked about before there 's probably overlaps
PhD C: This i yeah . This is not that good .
Professor B: there 's probably overlaps in {disfmarker} in uh in fair number in Switchboard as well so but {disfmarker} but there 's other phenomena , it 's a meeting , it 's a different thing and there 's lots of stuff to learn with the close talking mikes but uh yeah certainly I 'd like to see as soon as we could , I mean maybe get some of the glitches out of the way but soon as we could how well it does with say with the P Z Ms or maybe even one of the
PhD C: Right .
Professor B: and uh see if it 's , you know is it a hundred twenty percent or maybe it 's not maybe if with some adaptation you get this down to fifty percent or forty - five percent or something and {disfmarker} and then if for the PZM it 's seventy or something like that that 's actually something we could sort of work with a little bit
PhD C: Yeah .
Professor B: so
PhD C: No I think it 's really , I mean this way we least have a baseline we know that for instance the transcripts are very good so once you can get to the words that the recognizer which is a total subset of the things you need to understand the {disfmarker} the text um yeah they 're pretty good so and {disfmarker} and it 's converting automatically from the XML to the chopping up the wave forms and so forth it 's not the case that the end of one utterance is in the next segment and things like that which we had more problems with in Switchboard so that 's good . And um let 's see there was one more thing I wanted to {disfmarker} to mention {disfmarker} I can't remember um Sorry can't remember . anyway it 's {disfmarker}
Postdoc G: Congratulations is really great .
Professor B: Yeah .
PhD C: well it was , I mean I really didn't do this myself
Grad E: Yeah , it 's really good .
PhD C: so Andreas set up this recognizer and {disfmarker} by the way the recognizer all the files I 'm moving to SRI and running everything there so I brought back just these result files and people can look at them um so
PhD A: We {disfmarker} we talked about setting up the SRI recognizer here . That 's {disfmarker} you know if {disfmarker} if there are more machines um uh here plus people can {disfmarker} could run their own uh you know variants of {disfmarker} of {disfmarker} of the recognition {pause} runs um certainly doable . Um .
Professor B: Yeah and {disfmarker} well certainly if the recognition as opposed to training , yeah .
PhD A: Yeah .
Professor B: Seems reasonable .
Postdoc G: I need t Hmm . I need to ask one question .
PhD A: Yeah .
Postdoc G: Which is um so this issue {vocalsound} of the uh legalistic aspects of the pre - sent you know pre - adapted {disfmarker} Yeah , well , so what I mean is um the {disfmarker} uh the data that you take into SRI , first {disfmarker} first question , you 're maintaining it in {disfmarker} in a place that wouldn't be publicly readable that {disfmarker} that kind of stuff , right ?
PhD A: U um
PhD C: From the outside world or
Postdoc G: By uh people uh who are not associated with this project .
PhD A: Oh .
Grad E: It 's human subjects issues , I told you about that .
PhD C: Um oh .
Postdoc G: Exactly .
PhD C: Well OK we have n no names . Although I sh um
Grad E: That {disfmarker} that 's not the issue ,
PhD C: de audio data itself ?
Grad E: it 's just the audio data itself , until people have a chance to edit it .
Postdoc G: Mm - hmm , exactly .
PhD C: Uh so well I can {disfmarker} I can protect my directories through there .
Postdoc G: Yeah .
PhD C: Right now they 're not {disfmarker} they 're in the speech group directories which {disfmarker} so I will {disfmarker}
Postdoc G: Great .
PhD C: I didn't know that actually .
Professor B: Yeah so we just have to go through this process of having people approve the transcriptions ,
PhD C: Yeah OK .
Professor B: say it 's OK .
PhD C: Right OK .
Postdoc G: Yeah , we had to get them to approve em and then i cuz {disfmarker} cuz the other question I was gonna ask is if we 're having um you know it 's but this {disfmarker} this meeting that you have , no problem cuz I {disfmarker} I well I mean I {disfmarker} I speak for myself
Grad E: It 's us .
Postdoc G: but {disfmarker} but I think that we didn't do anything that but well anyway so {vocalsound} uh I wouldn't be too concerned about it with respect to that although we should clear it with Eric and Dan of course but these results are based on data which haven't had the uh haven't had the chance to be reviewed by the subjects
PhD C: That 's true .
Postdoc G: and I don't know how that stands , I mean if you {disfmarker} if you get fantastic results and it 's involving {comment} data which {disfmarker} which later end up being lessened by , you know certain elisions , then I don't know but I wanted to raise that issue ,
Professor B: Well we ,
Postdoc G: that 's all .
Professor B: I mean once we get all this streamlined it may be sh it {disfmarker} hopefully it will be fairly quick but we get the transcriptions , people approve them and so on it 's just that we 're
Grad E: Alright we need to work at a system for doing that approval so that we can send people the transcripts
Postdoc G: Great .
PhD A: Mmm .
Postdoc G: Yeah .
Grad E: and get back any bleeps that they want
PhD C: Yeah actually the bleeps are also an issue I thought .
Professor B: It 's gonna be a rare thing that there 's a bleep for the most part .
PhD A: U uh actually I had a question about the downsampling , um I don't know who , I mean how this was done but is {disfmarker} is there {disfmarker} are there any um {vocalsound} issues with downsampling
PhD C: Don did this .
PhD A: because I know that the recognizer um that we use h can do it sort of on the fly um so we wouldn't have to have it eh you know do it uh explicitly beforehand . And is there any um i are there other d sev uh is there more than one way to do the downsampling where one might be better than another ?
Grad F: There are lots of w {vocalsound} there are lots of ways to do the downsampling um different filters to put on ,
PhD A: OK . Right . OK .
Grad F: like anti - aliasing stuff .
PhD A: So {disfmarker} so the {disfmarker} th
Grad E: I don't think we even know which one I assume you 're using syncat to do it ?
Grad F: No , I 'm using uh SN SND uh are resample .
Grad E: Or sound resample ?
PhD C: Re - re ref
Grad E: Resample .
PhD C: yeah .
Grad E: Yeah and Dan 's archaic acronyms .
Grad F: RSMP . Yeah , I don't really .
PhD C: Missing all the vowels .
Grad F: I just {disfmarker} yeah I found it .
PhD C: Some of the vowels ,
Grad E: Not all of them .
PhD C: almost all the vowels , that 's the hard part .
PhD A: So {disfmarker} so the other thing we should try is to just take the original wave forms ,
Grad E: And a few of the consonants .
PhD A: I mean segment them but not downsample them .
PhD C: Yeah we could {disfmarker} we could try that and {disfmarker} and compare
PhD A: And {disfmarker} and feed them to {disfmarker} feed them to the SRI recognizer and see if {disfmarker} if the SRI front - end does something .
Grad F: Yeah , that 's {disfmarker}
PhD C: Yeah .
Grad E: I suspect that 's sort of premature optimization , but Sure .
PhD C: We can try it . I {disfmarker} I only downsampled them first cuz I was
PhD A: Well {disfmarker}
Grad F: I mean that 's just one line {disfmarker} that 's one line of code to comment at
PhD C: yeah
PhD A: Right and {disfmarker} and it doesn't {disfmarker} is no more work {vocalsound} for um you know for us .
Grad F: so
Grad E: Mm - hmm .
Grad F: Yeah .
PhD C: Well they 're just bigger to transfer , that 's why I s downsampled them before but
PhD A: Well but they 're only twice as big so
PhD C: Well I mean that was {disfmarker} if it 's the same then we can downsample here
PhD A: I mean it 's {disfmarker} it 's just a
PhD C: but if it 's {disfmarker}
Grad F: Although those eighty meg files take a while to copy into my directories
PhD C: Yeah .
Grad F: so , but no , I mean it 's not {disfmarker} i it wouldn't be a problem if you 're interested in it {disfmarker}
PhD C: We could try that .
PhD A: Yeah I mean it would be uh you know it would probably take uh about um you know
Grad F: it would {disfmarker}
PhD A: minus the transfer time it would {disfmarker} it would take uh you know ten minutes to try and {disfmarker} and {disfmarker} and
Grad F: Yeah .
Grad E: It 's about a fifty minute drive , right ?
PhD A: And {disfmarker} and if for some reason we see that it works better then we might investigate why
PhD C: Well it takes more disk space too so I was just {disfmarker}
PhD A: and , you know , what {disfmarker} Yeah .
Grad F: Mmm . In the front - end we could do that .
PhD A: Yeah .
Professor B: So you just train {disfmarker} just different filters
Grad F: Yeah , I {disfmarker}
Professor B: and so you 're just wondering whether the filter is
Grad F: Yeah , I can imagine it would be {disfmarker}
PhD A: Right . Right .
PhD C: So we could try that with this particular twenty minutes of speech and sort of see if there 's any differences .
Grad F: I mean I guess there 's some {disfmarker}
PhD A: You know a at some point someone might have optimized whatever filtering is done for the actual recognition um performance .
Grad F: Hmm .
PhD A: So in other words right ,
Professor B: Right .
PhD A: so
Grad E: It just seems to me that , you know small changes to the language model and the vocabulary will so swamp that that it may be premature to worry about that . I mean so one is a half a percent better than the other I don't think that gives you any information .
PhD C: Well it 's just as easy to {disfmarker} to give you the sixteen K individual ,
Grad E: Yep .
PhD C: it was just more disk space you know for storing them
Professor B: Are you {disfmarker} are you using uh uh mel cepstrum or PLP over there ?
PhD C: so
PhD A: Mel cepstrum .
Professor B: So probably doesn't matter .
PhD C: Well we could try .
Grad F: There 's {disfmarker} there 's your answer .
Professor B: But {disfmarker} but it wouldn't hurt to try ,
PhD C: Could easily try
PhD A: That 's what I would assume but you never know ,
Professor B: yeah .
PhD C: so
PhD A: you know .
Professor B: Sure . No the reason I say this
Postdoc G: Just {disfmarker} Mm - hmm .
Professor B: PLP uses uh auto - regressive filtering and uh modeling and so it can be sensitive to the kind of filtering that you 're doing
PhD A: Mm - hmm .
Professor B: but uh uh mel cepstrum uh might not {disfmarker} b you wouldn't expect to be so much but
PhD C: Well we can try it if you generate like the same set of files just up to that point where we stopped anyway and just sti stick them somewhere
Grad F: Yeah , it 's {disfmarker} it 's really not a problem .
PhD A: Actually , no .
PhD C: and I 'll rerun it with
PhD A: Don't stop . Don't stop at that part because we 're actually using the entire conversation to estimate the speaker parameters ,
Grad F: Keep going . Yeah .
PhD A: so shouldn't use {disfmarker} you should s you know , get
Grad F: Yeah , I mean I 'll {disfmarker} I have to do is eh e the reference file would stay the same ,
PhD C: OK .
PhD A:  Right .
Grad F: it 's just the individual segments would be approximately twice as long
PhD A: Mmm .
PhD C: Right . Right .
Grad F: and I could just replace them with the bigger ones in the directory ,
PhD A: Right .
PhD C: I mean I corrected all {disfmarker}
Grad E: Yeah .
Grad F: that 's not a problem .
PhD C: I mean I hand - edited the whole {disfmarker} the whole meeting so that can be run it 's just {disfmarker} Once we get the {disfmarker} the bug out .
PhD A: Mmm .
Postdoc G: One {disfmarker} one question which is I {disfmarker} I had the impression {comment} from this {disfmarker} from this meeting that w that I transcribed that um that there was already automatic downsampling occurring ,
PhD A: Yeah . Mm - hmm .
Postdoc G: is that I thought that in order to
Grad E: Yep .
Postdoc G: so it was {disfmarker} so it 's like there 's already down
Grad E: There 's one level that 's already happening right here .
Professor B: This is being recorded at forty - eight kilohertz . Which is more that anybody needs
Postdoc G: OK .
Grad E: Right .
Grad F: Oh .
Grad E: And it gets downsampled to sixteen .
Postdoc G: OK .
Professor B: so
PhD C: And that 's actually said in your meeting ,
Grad F: Hmm .
Postdoc G: Oh OK .
PhD C: that 's how I know that .
Postdoc G: That 's exactly , and that 's how I know it .
Professor B: Yeah .
PhD C: I {disfmarker} I {vocalsound} It 's like are we downsampling to sixteen ?
Professor B: It 's a digital audio orientation for the board
PhD C: Right .
PhD A: Mmm .
Professor B: it 's in the monitor so it 's
PhD C: Thank God it 's not {vocalsound} more than that .
Grad E: So {disfmarker}
Professor B: Yeah .
Grad E: And I have no idea what filter it 's using ,
Grad F: Is eight kilohertz {disfmarker} is {disfmarker} is eighty kilohertz generally accepted as like standard for voice ?
Grad E: so
Professor B: For telephone stuff .
Grad E: Telephone .
PhD D: Telephone .
Grad F: Yeah that 's what I was gonna say , I mean like {disfmarker}
Professor B: So it 's {disfmarker} it 's {disfmarker} it 's just that they were operating from Switchboard which was a completely telephone database
Grad F: so Oh , I see , so .
Professor B: and so that was a standard for that sixteen s
Grad F: OK .
Grad E: So sixteen seems to be pretty typical for with this sort of thing .
Professor B: Sixteen is more common for {disfmarker} for uh broadband stuff that isn't {disfmarker}
Grad F: Right .
Grad E: That isn't music .
Professor B: that isn't music and isn't telephone ,
PhD C: And I guess if you 're comparing like {disfmarker} uh if you wanna run recognition on the PZM stuff you would want you don't want to downsample the wh that
Professor B: yeah .
Grad E: Why is that ?
Professor B: I don't know .
PhD C: right ? Well I don I mean if it 's any better
Professor B: No actually I would think that you would {disfmarker} you would get better {disfmarker} you 'd get better high frequencies in the local mike .
Grad E: All the way around I 'd think .
Professor B: Uh but who knows ? I mean we do {vocalsound} we {disfmarker} we {disfmarker} we {disfmarker} we {disfmarker} we wanna find all this stuff out ,
PhD C: Yeah well we could try it .
Grad E: Yeah .
Professor B: we don't know .
Grad E: We 're gonna have plenty of low frequency on the P Z Ms with the fans .
PhD C: OK . Yeah .
Professor B: Uh yeah . Yeah .
PhD C: Oh yeah there was just one more thing I wanted to say which is totally unrelated to the recognition except that um well {disfmarker} well it 's sort of related but um good news also uh I got {disfmarker} well Chuck Fillmore agreed to record meetings but he had too many people in his meetings and that 's too bad cuz they 're very animated and but uh Jerry also agreed so uh we 're starting on {disfmarker} on
PhD A: They 're less animated .
PhD C: Well but he has fewer {disfmarker} he {disfmarker} he won't have more than eight and it 's a meeting on even deeper understanding , EDU , so that sounds interesting . As a compliment to our front - end meeting
Grad E: Dot EDU ?
PhD C: and um so that 's gonna start Monday and one of the things that I was realizing is um it would be really great if anyone has any ideas on some kind of time synchronous way that people in the meeting can make a comment to the person whose gonna transcribe it or {disfmarker} or put a {vocalsound} push a button or something when they wanna make a note about "" oh boy you should probably erase those last few "" or uh "" wait I want this not to be recorded now "" or uh something like that s
Professor B: Weren't we gonna do something with a pad at one point ?
Postdoc G: The cross pads ?
Grad E: Yeah , we could do it with the cross pads .
PhD C: Cuz I was thinking you know if {disfmarker} if the person who sets up the meeting isn't there and it 's a group that we don't know um and this came up talking to {disfmarker} to Jerry also that you know is there any way for them to indicate {disfmarker} to make sure that the qu request that they have that they make explicitly get addressed somehow
Professor B: Yeah .
PhD C: so I don't know if anyone has ideas or {disfmarker} you could even write down "" oh it 's about three twenty five and "" {disfmarker}
Professor B: Well what I was just suggesting is {disfmarker} is we have these {disfmarker} this cross pad just for this purpose
Grad E: Yeah , and use that .
Professor B: and just use that
Grad E: Not a bad idea .
Professor B: and if we sink it in {disfmarker}
PhD C: That would be great .
Professor B: The other thing is eh
PhD C: That be great .
Professor B: I don't know if you know this or if it 's a question for the mail to Dan but is this thing of two eight channel boards a maximum for this setup or could we go to a third board ?
Grad E: I don't know . I don't know . I 'll send mail to Dan and ask . I {disfmarker} I think that it 's the maximum we can do without a lot of effort because it 's one board with two digital channels .
Professor B: Oh it is one board .
Grad E: E eight each . So it {disfmarker} it takes two fibers in to the one board . And so w I think if we wanna do that {disfmarker} more than that we 'd have to have two boards , and then you have the synchronization issue .
Professor B: But that 's a question because that would {disfmarker} if it was possible cuz it is i you know already we have a {disfmarker} a {disfmarker} a group of people in this room that cannot all be miked
Grad E: Right .
Professor B: and it 's not just cuz we haven't been to the store , right it 's {disfmarker}
PhD D: What is the limit on each of those f fiber channels , is it the
Grad E: Eight .
PhD D: It just {disfmarker} it 's eight channels come in , does it have do with the sampling rate ?
Grad E: It 's eight . I have no idea . But each {disfmarker} each fiber channel has eight {disfmarker} eight channels and there are two ch two fibers that go in to the card .
Professor B: It might be a hard limitation ,
Grad E: So
Professor B: I mean one thing is it {disfmarker} the whole thing as I said is {disfmarker} is all structured in terms of forty - eight kilohertz sampling so that pushes requirements up a bit
Grad E: Yeah .
Professor B: but
PhD D: I was just wondering if {disfmarker} if that could change .
Grad E: I mean then we 'd also have to get another ADD and another mixer and all that sort of stuff .
PhD D: If we could drop that .
Professor B: Yeah .
Grad E: So I {disfmarker} I 'll send a mail to Dan and ask him .
Professor B: Yeah .
Grad E: OK on the uh are we done with that ? So the oth topic is uh getting more mikes and different mikes , so I got a quote um We can fit {disfmarker} we have room for one more wireless and the wireless , this unit here is three fifty {disfmarker} three hundred fifty dollars , it {disfmarker} I didn't realize but we also have to get a tuner {disfmarker} the receiver {disfmarker} the other end , that 's uh four thirty um and then also
PhD C: For {disfmarker} for each ?
PhD D: Wow .
PhD C: I mean the tuner is four thirty for each .
Grad E: Yep .
PhD C: Wow .
Grad E: And we just need one more so {disfmarker} so
Professor B: Yeah at least w we got the good ones .
Grad E: Yeah . So that 's you know something like seven hundred eighty bucks for one more of these .
Professor B: Yeah . OK .
Grad E: Um and then also um It turns out that the connector that this thing uses is proprietary of Sony
PhD D: Oh .
Grad E: believe it or not and Sony only sells this headset .
Postdoc G: Mmm .
Grad E: So if we wanna use a different set {disfmarker} headset the solution that the guy suggested and they {disfmarker} apparently lots of people have done is Sony will sell you the jack with just wires coming out the end and then you can buy a headset that has pigtail and solder it yourself . And that 's the other solution and so the jacks are forty bucks apiece and the {disfmarker} he recommended um a crown CM three eleven AE headset for two hundred bucks apiece .
Professor B: There isn't this some sort of thing that plugs in , you actually have to go and do the soldering yourself ?
Grad E: Becau - the reason is the only {disfmarker} only thing you can get that will plug into this is this mike or just the connector .
Professor B: No I understand . The reason I ask is these sort of handmade uh wiring jobs fall apart in use so the other thing is to see if we can uh get them to do a custom job and put it together for this .
Grad E: Oh I 'm sure they would , they would just charge us ,
PhD D: Well , and they 'd probably want quantity too ,
Grad E: so .
Professor B: Well
PhD D: they 'd
Professor B: no they 'll just charge us more , so it 's {disfmarker} this
PhD D: Mmm .
Grad E: So {disfmarker} so my question is should we go ahead and get na nine identical head - mounted crown mikes ?
Professor B: Not before having one come here and have some people try it out .
Grad E: OK .
Professor B: Because there 's no point in doing that if it 's not gonna be any better .
Grad E: So why don't we get one of these with the crown with a different headset ?
Professor B: Yeah .
Grad E: And {disfmarker} and see if that works .
Professor B: And see if it 's preferable and if it is then we 'll get more .
PhD C: Comfort .
Grad E: Yeah .
Professor B: Yeah .
PhD C: Cuz I mean I think the microphones are OK it 's just the {disfmarker} the
Grad E: Right , it 's just they 're not comfortable to wear .
Professor B: Right .
PhD C: Could make our own handbands and
Grad E: Um , and he said they don't have any of these in stock but they have them in LA and so it will take about a week to get here .
Professor B: Yeah well it 's {disfmarker}
Grad E: Um so OK to just go order ?
Professor B: We 're in this for the long term , yeah . Just order it .
Grad E: OK
PhD C: It 's a lot of money for a handband .
Grad E: and who is the contact if I wanna do an invoice
Grad F: Yeah .
Grad E: cuz I think that 's how we did it before .
Professor B: Uh we 'll do this off - line , yeah .
Grad F: It 's a long time to get from LA .
Grad E: OK . And then nine channels is the maximum we can do , so .
Professor B: Uh y right cuz {disfmarker} so one is for the daisy chain so that 's fifteen instead of sixteen
Grad E: Without getting more stuff .
Professor B: and there 's six on the table so that 's nine .
Grad E: Right .
PhD C: Can I ask a really dumb question ?
Professor B: Yeah .
PhD C: Is {disfmarker} {vocalsound} is there any way we can have you know like a {disfmarker} a wireless microphone that you pass around to the people who you know the extra people for the times they wanna talk that {disfmarker}
Grad E: Probably .
Professor B: That 's a good idea .
PhD C: I mean {disfmarker}
Professor B: That 's not a dumb question , it 's a good idea ,
PhD C: Well I mean {disfmarker}
PhD A: Like uh like you know Jerry Springer thing ,
Professor B: yeah .
Grad E: I 'm just not sure how we would handle that in the
Grad F: That 's like the Conch .
PhD C: Well but {disfmarker}
PhD D: Like at conferences
PhD A: you know r
PhD C: well but there might be a way to say that there are gonna be these different people
Grad F: See , look .
PhD C: um and I don't know identifying somehow ?
PhD D: so nail the chairs down .
PhD A: Yeah .
Grad E: Yeah , somehow .
PhD C: You know I was just thinking of Jerry Springer .
Grad E: It 's not a bad idea .
Professor B: No that {disfmarker} no {disfmarker} no
PhD A: 
Professor B: that 's a very {disfmarker} if we can't get another board and even if we can I have a feeling they 'll be some work .
PhD D: The Springer mike .
PhD C: I mean for the few times that you might wanna have that .
Professor B: Let 's figure that we have eight which are set up and then there 's a ninth which is passed around to {disfmarker}
Grad E: A hand - held , yeah .
Professor B: that 's a good idea
PhD D: Infinite expansion .
Professor B: Right . Kind of rules out overlap but {disfmarker} {vocalsound} but uh
PhD C: Well or also for you know if people are not
Professor B: Yeah .
Grad E: Well we could just hand around the lapel .
Professor B: Uh no {disfmarker} no that 's {disfmarker}
Grad E: Rather than get a {disfmarker}
PhD C: No not the lapel .
Grad E: do you want a handset ?
Professor B: No .
Grad E: Well I mean is the {disfmarker} is the hand - held really any better ?
PhD D: Liz hates the lapel .
Professor B: Yes .
PhD C: I don't know
Grad E: OK .
PhD C: but I d I know the lapel is really suboptimal .
Professor B: No it {disfmarker} no it depends on the hand - held
Grad E: Is awful ?
Professor B: but hand {disfmarker} many hand - helds are built wi with sort of uh anti - shock sort of things so that it {disfmarker} it is less uh susceptible to hand noises . If you hold the lapel mike i you just get all k sorts of junk .
PhD D: Mm - hmm .
PhD C: Right . I mean the ones they really pass around must be sort of OK .
Grad E: OK .
Professor B: so
Grad E: So I wonder if they have one that will hook up .
Professor B: Yeah . They have {disfmarker} What ?
Grad E: I wonder if they have one that will hook up to this or whether again we 'll have to wire it ourselves .
PhD D: Well , you wouldn't want it to hook there you 'd just want it to hook into the receiver in the other room , right ?
Professor B: No that 's uh {disfmarker} you need a transmitter .
Grad E: What ?
PhD D: Is th isn't that built into the mike ?
Professor B: Oh I see . Get a {disfmarker} get a different radio , yeah .
PhD C: Yeah just these ones that they pass around with no you know wireless
Professor B: Yeah . But you need a ra but it has to correspond to the receiver .
PhD D: Have a little antenna coming out the bottom .
Grad E: It 's gonna be much easier to get one of these and just plug in a mike , isn't it ?
PhD D: But then the mike has to h
PhD A: Do you have to hand it around and if you have two pieces of
Professor B: No no {disfmarker}
PhD C: Right .
Grad F: Yeah .
PhD A: 
Professor B: so right , so this is a good point , so yeah you have these {disfmarker} these mikes with a little antenna on the end right ?
Grad E: OK . And do you think you would be able to use the same receiver ?
Professor B: I don't know . You 'll have to check with them ,
Grad E: OK I 'll {disfmarker} I 'll ask .
Professor B: yeah . But that 's {disfmarker} that 's a great idea
PhD D: It 's just a frequency .
Grad E: Yeah .
Professor B: and then just sort of have that as the {disfmarker} and then you can have groups of twenty people or whatever and {disfmarker} and uh
PhD C: Yeah because there 's only I mean as Andreas pointed out actually I think in the large {disfmarker} the larger the group the less interaction {disfmarker} the less people are talking um over each other {disfmarker}
PhD A: Pretty soon .
PhD D: Mmm , yeah .
PhD C: it just {disfmarker} there might be a lot of people that speak once or twice and
Professor B: Right .
PhD A: Um Gotta go .
Professor B: Off you go , yeah .
Grad E: OK so I guess people who have to leave can leave and do we have anything else to discuss or should we just do digits ?
Postdoc G: I {disfmarker} I thought of some extra {disfmarker} a couple of extra things I 'd like to mention .
Grad E: OK .
Postdoc G: One of them is to give you a status in terms of the transcriptions so far . So um as of last night um I 'd assigned twelve hours and they 'd finished nine
Grad E: uh Yep ,
Postdoc G: and my goal was to have eleven done by the end of the month , I think that by tomorrow we 'll have ten .
PhD C: Uh it 's great {disfmarker}
Professor B: Pretty close ,
Postdoc G: So they 're still working .
Professor B: that 's good .
PhD C: I j and this {disfmarker} I got this email from Jane at like two in the morning or something
PhD D: Wow .
Grad E: that 's good .
PhD C: so it 's really great
Postdoc G: It 's working out , thanks .
PhD C: It 's really great .
Postdoc G: Thanks . And then um also an idea for another meeting , which would be to have the transcribers talk about the data It 's sort of a {disfmarker} a little bit {disfmarker} a little bit
PhD C: That 's a great idea .
Professor B: Super idea .
Grad E: Yep , that 'd be very interesting .
PhD C: That 's a great idea cuz I 'd like to g have it recorded so that we can remember all the little things ,
Grad F: Yeah .
Grad E: I 'd love to hear what they have to say .
Postdoc G: Yeah .
PhD C: that 's a great idea .
PhD D: So if we got them to talk about this meeting , it would be a meta {disfmarker} meta meeting .
Postdoc G: Yeah . Yeah , exa {vocalsound} exactly I guess {disfmarker} nested several layers ,
Professor B: Now you have eight transcribers and there 's ten of us
Postdoc G: but
Professor B: so how do we do this , is the only thing .
PhD C: Or just have them talk amongst themselves .
PhD D: Have them have their own meeting .
PhD C: And have
Postdoc G: Well that 's what I 'm thinking ,
Professor B: Oh .
Postdoc G: yeah . Have them talk about the data and they {disfmarker} and they 've made observations to me
PhD C: that would be great .
Postdoc G: like they say uh you know this meeting that we think has so much overlap , in fact it does but there are other groups of similar size that have very little , you know it 's part of it 's {disfmarker} it 's the norm of the group and all that and they have various observations that would be fun , I think .
PhD C: That 's a great idea .
Grad E: Yeah , I 'd like to hear what they s say .
Postdoc G: Yeah .
PhD C: Be great .
Professor B: So maybe we could {disfmarker} they could have a meeting more or less without us that {disfmarker} to do this and we should record it
Postdoc G: OK .
Professor B: and then maybe one or two of them could come to one of these meetings and {disfmarker} and could you know could tell us about it .
Postdoc G: Yeah .
Grad E: Give us a status .
PhD C: Yeah .
Postdoc G: Oh good . OK .
Professor B: Yeah .
PhD C: It 's {disfmarker} they will get to transcribe their own meeting but they also get paid for having a break
Grad E: That would be weird .
Postdoc G: What {disfmarker} what yeah that 's right .
PhD C: and I think that 's a good idea ,
Postdoc G: Yeah exactly , yeah .
Professor B: Yeah .
PhD C: get them involved .
Postdoc G: Great .
PhD C: Um that 's a great idea .
Postdoc G: Great .
Professor B: Super .
PhD C: I 'm really sorry I have to g no I have to go as well .
Professor B: OK .
Postdoc G: And then I wanted to also um say something about the Fiscus uh uh John {disfmarker} John Fiscus visit tomorrow . And Which is to say that w it 'll be from nine to one that I 'm going to uh uh offer the organization {disfmarker} allow him to uh adjust it if he wishes but to be basically in three parts , the acoustic part coming first which would be basically the room engineering aspects um other things and he 'll be also presenting what NIST is doing and {disfmarker} and uh then uh number two would be sort of a the {disfmarker} the transcription process so this would be a focus on like presegmentation and the modifications to the {disfmarker} the multitrans interface which allows more refined encoding of the beginnings and ends of the overlapping segments which uh Dave Gelbart 's been doing and then um uh and of course the presegmentation Thilo 's been doing and then um the third part would {disfmarker} and again he has some stuff that 's i relevant with respect to NIST and then the third one would be focus on transcription standards so at NIST he 's interested in this establishment of a global encoding standard I guess I would say and I want it , you know k yeah see what they 're doing and also present what {disfmarker} what we 've chosen as ours and {disfmarker} and discuss that kind of thing . And so but he 's only here until until one and actually we 're thinking of noon being uh lunch time so basically hoping that we can get as much of this done as possible before noon . S
Professor B: OK .
Postdoc G: And everybody who wants to attend is welcome . So
Grad E: Oh , where you 're gonna meet ?
Postdoc G: yeah . Here mostly but I 've also reserved the BARCO room um eh to figure out how that works in terms of like maybe having a live demonstration .
Professor B: OK but the nine o ' cl nine o ' clock will be i be in here . Yeah , OK .
Postdoc G: Yeah . Mm - hmm .
Grad E: I assume we 're not gonna try to record it ?
Postdoc G: Oh I think that would be hard , yeah .
Professor B: Yeah , I think just adds {disfmarker}
Grad E: Alright .
Postdoc G: Yeah .
Professor B: Um good .
Postdoc G: Thank you though , uh - huh .
Professor B: So maybe do digits and recess ?
Grad E: Unless there 's anything else ?
Postdoc G: Yeah . Yeah .
PhD D: Do digital ones ?
Professor B: Uh OK .
Postdoc G: Yeah .
Grad E: Uh should y we make him wear Andreas ' mike or would that just be too confusing ?
Professor B: Yeah . No I don't think it 's confusing . Well , it doesn't confuse me .
Postdoc G: When we do this in the key {disfmarker} in the key {disfmarker} in the key it has to indicate that channel change ,
PhD D: Does it mess up the forms ?
Postdoc G: right ?
Grad E: Uh yeah I just don't know how we would do that , so . I mean other than free {disfmarker} free form .
Postdoc G: Well i have a time mark .
PhD D: The on switch is here on the {disfmarker} on the top there .
Postdoc G: Yeah .
Professor B: OK .
Grad E: And just clip it to your collar .
Professor B: That 's fine .
Grad J: OK , my name is uh Espen Eriksen . I 'm a Norwegian . Um uh this is my second semester at Berkeley . Currently I 'm taking uh my first graduate level courses in DSP and um when I come back to Norway I 'm gonna continue with the {disfmarker} more of a research project work {disfmarker} kind of work . So this semester I 'm starting up with a {disfmarker} with a small project through uh Dave Gelbart which I 'm taking a course with I got in touch with him and he told me about this project . So with the help of uh Dan Ellis I 'm gonna do small project associated to this . What I 'm gonna try to do is uh use {disfmarker} use ech echo cancellation to uh to handle the periods where you have overlapping talk . To try to do something about that . So currently I 'm um I 'm just reading up on echo cancellation , s looking into the theory behind that and then uh hopefully I get some results . So it {disfmarker} it 's a {disfmarker} it 's a project goes over the course of one semester .
Grad E: Great .
Grad J: So I 'm just here today to introduce myself . Tell about I 'll be {disfmarker} I 'll be working on this .
Grad E: And are you staying at Berkeley or is {disfmarker} are you just here a semester ?
Grad J: This is my second semester and last .
Grad E: Ah second and last ,
Professor B: Yeah .
Grad E: OK .
Grad J: So I leave
Professor B: He 's in the {disfmarker} he 's in the cour two two five D course .
Grad J: Yeah , I 'm in Morgan 's course ,
Professor B: So , yeah .
Grad J: yeah .
Grad E: Good .
PhD D: Welcome .
Postdoc G: Then you {disfmarker} then you go back to Norway , that 's OK .
Grad J: Yeah .
Grad F: We were just talking about something like this yesterday or yeah yesterday with Liz . About doing some of the {vocalsound} echo cancellation stuff or possibly the spectroanalysis over the overlaps , so . Cool .
Grad J: Yeah .
Professor B: OK ,
Grad E: Digits ?
Professor B: let 's do digits . OK .
Grad E: And stop .",What was the general discussion?,"The group discussed recognition results generated for 20 minutes of close-talking microphone data. Recognition performance was very good, indicating promising results for forced alignment procedures and the ability to analyze other important signal information, e.g. prosody and overlapping speech. It was decided that close-talking data should be downsampled and fed to the SRI recognizer to compare recognition performance, and that data from the far-field microphones should be tested on the recognizer as soon as possible. The group also discussed recording setup and equipment issues. ","The general discussion was about the recognition results of a meeting, specifically the use of a new recognizer and the results of a twenty-minute segment of the meeting. The discussion also touched on the issue of downsampling, the use of different microphones, and the need for a more efficient way to handle the transcription of meetings. Additionally, the group discussed the upcoming visit of John Fiscus from NIST and the possibility of having a meeting with the transcribers to discuss their observations and experiences.",2.8311444241553545,15.58738966472447,7.91769036226948
4,qmsum,0,"Project Manager: So
Marketing: So {disfmarker}
Project Manager: I hope you're ready for this uh functional design meeting .
Marketing: Of course . {vocalsound}
Project Manager: Um so I will take the minutes you mm you three are going to do presentation . Um uh we want to know {disfmarker} to {disfmarker} at the end to know the new project's requirement so we need uh to know the the user uh needs that we want to fulfil to fulfil the {disfmarker} from the technical part we want to know how it going to work and um third part {vocalsound} uh I don't remember {vocalsound}
Marketing: {vocalsound} {vocalsound}
Project Manager: which is not very good . Ah of course , how to to design this uh this {disfmarker}
Marketing: Nice stuff {vocalsound}
Project Manager: {vocalsound} yeah . So um let's go for the three presentations , so first um Marketing Expert .
Marketing: {vocalsound} Who starts ? {vocalsound} Oh . Ha . okay .
Project Manager: So wait a minute . Mm .
Marketing: So I dunno if I can do that like this ? Yeah ? So it's being modified . Do you want {disfmarker} yeah , open . Read only . I hope I saved it . {vocalsound}
Industrial Designer: {vocalsound}
Marketing: So , um
User Interface: Sammy Benjo . I know this name uh .
Marketing: yeah , this is my name . {vocalsound}
Project Manager: {vocalsound} Sounds uh {disfmarker}
User Interface: {vocalsound} We met before .
Marketing: So as you know , you {disfmarker} I think you already know me , Sammy Benjo . I am the expert in marketing and I want to tell you about what people uh s want and uh like and dislike in remote controls , and I hope this is going to help you to to design it correctly . So next please . Uh-oh . {vocalsound}
Project Manager: Mm {vocalsound} uh .
Industrial Designer: Yeah , it is put F_ five {gap} .
Project Manager: Hmm .
Marketing: {vocalsound} Hmm .
Industrial Designer: The full page presentation , yep .
Marketing: Yeah maybe in the full page
Project Manager: Okay .
User Interface: F_ F_ five .
Marketing: because i I spent lots of time doing this presentation , so .
Industrial Designer: Yeah . Yep .
Project Manager: F_ five .
Industrial Designer: Yeah .
Marketing: Uh-huh hmm okay .
Project Manager: Mm-hmm . Mm .
Marketing: So basically uh what I suggest is that uh instead of deciding ourself what what could be and what should be a good uh remote control , let's ask people who are users of remote controls how they feel about w the current remote controls , what they like , what they don't like and um and what they do with them by the way {vocalsound}
Industrial Designer: {vocalsound}
Marketing: because they are supposed to be useful . {vocalsound} Don't forget about that . So we've we've conducted a a survey on on the use of uh remote controls and I'd like to show you some of the results we found on this survey . And next please . Yeah , so basically what we found was that uh there are several things that the user don't like in remote controls . First of all , they find it very ugly . {vocalsound} Current remote controls as you know they're the same as this one uh they're not nice colour , not nice shape , I mean they're all the same , and they're not l good looking . Um what is interesting is that in fact it seems that they were {disfmarker} people are ready to pay for nice and look {disfmarker} and fancy looking uh remote control , so I think we should probably spend lots of time in {disfmarker} and effort in that um . And the other thing is that uh the the current remote controls are not so easy to use and it it {disfmarker} the the current uh facilities that they offer do not match what people really want to use their remote controls . For instance uh we see that uh they zap very often so I think this is a very uh important uh functionality that it should be easy for them to to zap uh in one way or another . And most of the buttons uh on uh current remote controls are not used , so I think we should design something where some of the buttons which are those that are used should be easier to see and use than others that only a couple of people are using . Um next please . {vocalsound} Now {vocalsound} people are very frustrated w with their {vocalsound} remote controls
Industrial Designer: {vocalsound} {vocalsound}
Marketing: and they for instance uh they don't even find it {vocalsound}
Project Manager: {vocalsound}
Marketing: it's {vocalsound} it's often lost somewhere in the in the {disfmarker} in your home and nobody knows where it is .
Industrial Designer: Yeah .
User Interface: Agree .
Marketing: Maybe if we have something where we could {vocalsound} ask the remote control please , where are you ?
Industrial Designer: Yeah .
Project Manager: {vocalsound}
Industrial Designer: {vocalsound} Yeah .
Marketing: {vocalsound} Like uh something to to {disfmarker} like t I think phones . Some of the phones have some of this kind of s functionality . Uh of course phone you can always phone your phone
Project Manager: {vocalsound}
Marketing: but {vocalsound} you can't phone your {vocalsound} your remote control .
Industrial Designer: {vocalsound} You can {disfmarker} you are {gap} .
Project Manager: Why not ? {vocalsound}
Marketing: But why not ? Yeah .
Industrial Designer: {vocalsound}
Marketing: And because of the fact that there are so many buttons in these remote controls that nobody use ,
Industrial Designer: Hmm .
Marketing: in fact they don't even know how to use them , so most of the the people say they they don't know how to {disfmarker} they {disfmarker} to use properly their r remote controls . And uh they are bad for R_S_I_ but uh I don't remember what is R_S_I_ .
Project Manager: {vocalsound}
Industrial Designer: {vocalsound}
Project Manager: {vocalsound} Okay uh tha that's look great .
Marketing: {vocalsound} So I think they are bad . {vocalsound}
User Interface: {vocalsound} R_S_I_ mm-hmm .
Industrial Designer: {vocalsound} {vocalsound}
Marketing: Mm-hmm . Mm nobody has any idea about that ? Well I'll check uh with my
Industrial Designer: Yeah , it's electromagnetic waves or something kind of maybe uh effect .
Marketing: Oh , okay ,
User Interface: No , I don't think so .
Marketing: I think it's a technical thing
Industrial Designer: Yeah ,
Marketing: which our {disfmarker}
Industrial Designer: because infrared uses some electromagnetic technology ,
Project Manager: Mm-hmm . Okay .
Marketing: Okay .
User Interface: Okay .
Industrial Designer: and those waves have high {disfmarker}
Marketing: So , it seems that {vocalsound} it's a lot of people for a concept that we don't know {vocalsound}
User Interface: But twenty six percent , do you know {disfmarker}
Project Manager: {vocalsound} Or something we don't know . {vocalsound} Mm-hmm . {vocalsound}
Industrial Designer: Uh .
User Interface: Twenty five . {vocalsound}
Industrial Designer: Uh .
Marketing: but we have to take this into account .
User Interface: Every fourth , you know . {vocalsound} Every four {disfmarker} some of us knows .
Industrial Designer: Yeah it's {disfmarker} People really {vocalsound} {disfmarker}
Marketing: {vocalsound}
Project Manager: {vocalsound} Okay .
Marketing: So anyway
User Interface: One of us {disfmarker}
Marketing: that's for what the biggest frustration uh of the user and um
Industrial Designer: Yeah . Yeah .
Marketing: what else do I have ? Next slide ? Ah yeah .
User Interface: Mm-hmm .
Marketing: So we've listed a couple of uh
User Interface: Functions .
Marketing: s uh functions that may be uh used by u the user in the current uh available uh remote controls and uh well the tables look very nice to read but what is important is to understand that the power button is not used often because in general you {vocalsound} use it only once per session , but it is very relevant . {vocalsound}
Project Manager: {vocalsound}
Marketing: People want to have a power button . Channel selection is uh o often used {disfmarker} very often used and indeed uh very relevant .
Project Manager: {vocalsound}
Marketing: {vocalsound} Ah {vocalsound} now I remember what is R_S_I_ {vocalsound}
Project Manager: {vocalsound}
Marketing: it's repetitivity stress injury . {vocalsound} We have to be careful with that word but {vocalsound} uh anyway
Industrial Designer: Uh .
Marketing: I continue my presentation so {disfmarker} yeah ,
User Interface: {vocalsound}
Marketing: channel selection is um very important , very often used . Volume is not often used but people uh want to have control on volume and that makes sense of course . And n then you have things which are very much less often used like the settings . Audio settings , screen settings , even teletext and channel settings . All of them . they're not often used and they are s more or less relevant . It seems that people find teletext teletext uh relevant , even if I personally never use it but seems that it's average relevant at least , so .
Project Manager: I have been told that we uh don't consider teletext , that it's out of date now because of internet .
Marketing: I can tell you that uh in a l in a scale between one and ten relevant uh not relevant to relevant people scored a six on this , which is not as uh these these two one were {disfmarker} had I think ten I think .
Project Manager: Mm-hmm .
Marketing: But but if you compare with these ones , uh I think they scored a one or two .
Industrial Designer: Hmm .
Marketing: Not very relevant , so if if there are good reason not to put teletext it's okay but just know that people find it somehow relevant .
Project Manager: Mm-hmm
User Interface: Mm-hmm .
Project Manager: {vocalsound}
Marketing: That's for the main functions I think and uh then we can ask uh ourself uh what people don't have that may be useful . For instance I think {disfmarker} net next slide . {vocalsound} One of the thing {disfmarker} the trend uh that uh you are probably aware of is the possibility {disfmarker} the eventual possibility of having speech recognition in your remote control , so you wouldn't have to tap tap in your buttons but just tell your remote control or whatever you need you have what you want . So we've conducted a survey about uh whether people would like or not to have uh this kind of uh functionality in their remote control and as we can see it really depends on the age . Young people , probably because it's a buzz word , find it very relevant . And uh as the age goes up {vocalsound} the {vocalsound} the relevance goes down .
Industrial Designer: {vocalsound} Yeah .
Marketing: {vocalsound} So now it really depends on the kind of uh targeting uh wha who are we targeting with this remote control ?
Industrial Designer: 'Cause {disfmarker}
Marketing: I think if we are targeting young people then uh it's probably something we have to consider . If we are targeting you very old people this is something they really don't know why they {disfmarker} this should be so now
Project Manager: Mm-mm . Okay .
Marketing: this is of course , depends on that . And um I don't have any conclusion , I didn't have time the meeting was very tight , so that's basically my findings . And uh , if you have any question ?
Project Manager: Mm I think it's good , okay . You done a good review .
User Interface: I got one question ,
Marketing: I can go back .
Industrial Designer: Thank you .
Marketing: Yeah one question ,
User Interface: uh you are a Market Expert
Marketing: yeah ?
User Interface: so
Marketing: I am . {vocalsound}
User Interface: should we aim at the young people or not ?
Marketing: I think we should aim at the young people . But uh I think they are {disfmarker} they are those uh who might be more interested in a in a new device .
Industrial Designer: Mm .
Marketing: In general the the early adopters of a new device are young people , less than {disfmarker} more than {disfmarker}
User Interface: Okay , then teletext is used less .
Industrial Designer: Mm .
Project Manager: Mm-hmm .
Marketing: Then teletext is useless for them I think ,
User Interface: Okay .
Marketing: yeah . Because they they have other means of finding their information . Yeah .
Project Manager: Mm-hmm mm mm . Okay .
User Interface: Mm-hmm . Mm-hmm .
Project Manager: That's good point .
Marketing: But {disfmarker} yeah . Nope .
Industrial Designer: Mm , yep .
User Interface: Mm . Okay .
Project Manager: Okay .
Marketing: 'Kay ?
Industrial Designer: Thank you .
Project Manager: So um now I think it's the turn of the the {disfmarker} {vocalsound} I'm not sure um {disfmarker}
Marketing: {vocalsound}
Project Manager: Of the technical function , so {vocalsound} uh
Marketing: So I think it's you , huh ?
Industrial Designer: Uh it's
Marketing: No ? {vocalsound}
User Interface: {vocalsound} That's me .
Project Manager: what effect {disfmarker}
Industrial Designer: techni function of {disfmarker}
Marketing: No , user requiremen
Industrial Designer: Yeah .
Project Manager: Okay . Wait a second .
Marketing: {vocalsound}
Project Manager: Argh .
Industrial Designer: I have to do working design so uh
Project Manager: So you're {disfmarker}
User Interface: That's {disfmarker} but this but number three , yes . Mm-hmm . So , my name is Mark Dwight , and um I am responsible for User Interface Design .
Marketing: {vocalsound}
User Interface: However , uh mm Project Manager asked me to give you some presentation about technical functions design . Uh , as I'm a more an artist
Marketing: {vocalsound}
Project Manager: {vocalsound}
User Interface: that's gonna be less technical functions but more User Interface and current intentions and everything which is linked with this .
Project Manager: Okay . Let's go .
User Interface: So next slide please . And uh a general method which is {disfmarker} seems to be very useful for our task
Marketing: {vocalsound}
Industrial Designer: Mm .
User Interface: is not to forget about uh Occam razor . We should never complicate things too much . We should only make a remote control , nothing more . Nothing more than this , just a remote control .
Marketing: {vocalsound}
Project Manager: {vocalsound}
User Interface: 'Cause current remote controls they are never easy enough to use .
Marketing: Makes sense . {vocalsound}
User Interface: So , make a click , please . So here is this remote control .
Marketing: {vocalsound}
Project Manager: {vocalsound}
User Interface: It's quite a standard one , but it's not from a T_V_ , it's from a much easier device like air conditioning or something . But you know , we can use it for a T_V_ easily . Only buttons we need is on off , volume , channels and maybe some options or something else , and please make a click , compared to this one
Marketing: {vocalsound}
Industrial Designer: {vocalsound} It's {disfmarker}
User Interface: which one would you prefer ? I guess this .
Industrial Designer: Yeah , yeah .
Marketing: I would say the simplest one as long as there are the uh {disfmarker} I find the buttons that I need every time I need a button .
User Interface: Sure , sure .
Industrial Designer: Yeah .
Marketing: {vocalsound}
Industrial Designer: Maybe it can be yeah middle of {disfmarker} like , between those two
User Interface: Yeah , and our method is going to be , provide simple
Industrial Designer: li
Project Manager: Oh sorry . {vocalsound}
User Interface: simple desires into simple actions .
Marketing: Nice . Nice sentence .
User Interface: Findings .
Project Manager: Okay .
Marketing: {vocalsound}
Project Manager: Oh sorry .
User Interface: Our question of the style , we should remember that our company
Marketing: {vocalsound}
User Interface: puts fashion into electronics and we should never forget about it .
Marketing: {vocalsound}
Project Manager: {vocalsound}
User Interface: Concept .
Industrial Designer: {vocalsound} S you should {disfmarker} yeah .
User Interface: {vocalsound} Be simple . Be simple and you'll lean on this market .
Industrial Designer: {vocalsound}
User Interface: Market is a {disfmarker} of remote controls {disfmarker} you know it better ,
Marketing: Mm .
User Interface: it's very well , it's it's not an easy field to to play , you know ? So be simple .
Marketing: {vocalsound} {vocalsound}
User Interface: For personal preferences I think that to make a baby-proof remote control it got to be a titanium .
Project Manager: {vocalsound}
Industrial Designer: {vocalsound}
Marketing: {vocalsound}
User Interface: It's a really good style , it going to be {disfmarker} look like like this . It is unbreakable and it is very universal . W we'll have a screen with a back light which can change colours ,
Marketing: Mm-hmm .
User Interface: and we can put all the options into this screen . We'll need only few buttons . All the other things can be controlled through the screen . And all these buttons should be easy to find and to click , 'cause when you watch a movie and you want to change something , you always try to find a good button and click it , but you should do it by touching it and finding it easily just by touch . So {disfmarker} Press {disfmarker}
Project Manager: {gap}
User Interface: I would propose this concept for design , just few buttons , a screen with a back light which can change colours , titanium
Industrial Designer: Mm .
User Interface: I think , and uh what else ? I got just very few and good ideas . We need power and volume . And let us include two nice features into this device , first , power on and off can be made fully automatic . When you go to the sofa , take your control and point it to the T_V_ ,
Project Manager: It's off .
Marketing: Hmm .
Project Manager: It's on .
User Interface: the T_V_ turns on .
Marketing: And when does it turn off ?
User Interface: When you don't touch the control but you go out of the {disfmarker} For for enough time
Marketing: Oh so you have a
User Interface: like uh you {disfmarker}
Marketing: sensing {disfmarker} sensor machine that uh knows {disfmarker}
User Interface: It's a question to our technical design , our {vocalsound} two engineers .
Industrial Designer: {gap} {vocalsound}
Project Manager: {vocalsound}
Marketing: Tech {vocalsound}
User Interface: And another nice feature that I would like to implement is uh volume control . Suppose you set u you set up some volume and then you move out or you move to the other corner of the room and take your control with you . Like , you want to to change the chair or you want to move to the armchair from the sofa or something , and then the volume changes .
Project Manager: Or you want to go to the kitchen . {vocalsound}
User Interface: It's easy to do ,
Marketing: Mm-hmm .
User Interface: you just control the {disfmarker}
Marketing: According to your distance to {disfmarker} and the angle maybe , if you have a stereo system .
Industrial Designer: Distance .
User Interface: According to the distance . {gap} Yeah yeah yeah . So {disfmarker}
Marketing: Uh I'm not sure about the screen , wha what is the use usefulness of the screen ? Uh is it a touch screen by the way ?
User Interface: I think it can be just a menu which can be controlled with a left , right , up , down and enter .
Industrial Designer: Yeah .
Marketing: So it gives instructions but uh it has to be with an back light somehow . {gap}
User Interface: So , its main purpose in fact is a back light ,
Industrial Designer: Mm-hmm .
User Interface: which change colours ,
Marketing: Okay .
User Interface: which makes it easier to find , and each can {disfmarker} it can respond for your voice , like it can turn on the light for you just to f find it easily , yeah ?
Project Manager: Mm .
Marketing: Okay .
User Interface: So basically that's it .
Project Manager: {vocalsound} Um I see that you target uh several s application not only T_V_ but i like we talk about um universal uh remote control .
User Interface: Can be easily done ,
Project Manager: Yeah .
User Interface: 'cause you got simple designs , y we should put it to simple actions .
Project Manager: Hmm .
User Interface: Let it be universal , so you want to use it for your hi-fi system . You want to change tracks and you want to adjust volume .
Project Manager: Mm-hmm . {vocalsound}
User Interface: Just few actions , a few actions for everything .
Industrial Designer: Mm .
Project Manager: Hmm . S
User Interface: All the rest , we sh we'll put it into this menu on the screen .
Project Manager: Mm . Since we were targeting a really soon uh uh date for the the the um i issuing of this uh remote control I think we will only concentrate on T_V_ for the moment and then maybe m make it more generalised {disfmarker} yeah .
User Interface: Okay , okay .
Industrial Designer: Mm . Yeah and it {disfmarker} mm .
User Interface: Okay , but it's quite universal you know .
Industrial Designer: Mm .
User Interface: We can just extend it to any device .
Industrial Designer: Mm .
Marketing: So for instance if I want to go to {disfmarker} directly to channel twenty five , how would I do {disfmarker} can I do that with this ?
User Interface: Uh twenty five .
Marketing: Yeah mm let's say I am uh on channel eight now . You know these days we have hundreds of channels ,
User Interface: Mm-hmm .
Marketing: that's not so easy to go just next next next when you have hundreds of channels .
User Interface: {vocalsound} In fact I would propose another solution .
Marketing: Or is it ?
User Interface: Basically you use just four or five channels , right ?
Marketing: Most people {disfmarker}
User Interface: Yeah .
Marketing: yeah .
User Interface: So uh set up your T_V_ set like channels that you use they're one , two , three and five , and you will never have to go to a twenty fives channel .
Marketing: In fact in in one uh remote control that I've seen , instead of doing that d you could just say these are the cha ch channel three , twenty eight , forty eight and uh sixty four are those that I want to by cycled with my next button .
Project Manager: Yeah it's it's the same solution , I think . Hmm .
Marketing: I uh {disfmarker}
Industrial Designer: Yeah .
Marketing: B yeah .
Industrial Designer: But even we can have some uh L_C_D_ display , like you can uh de you can just button the number
Marketing: Go to channel twenty five .
Industrial Designer: and then it go
Marketing: One thing is that as I said in my presentation people really do like to z zap .
Industrial Designer: t because {disfmarker} Yeah .
Marketing: So even if they are only watching four or five channels , I think they want to zap out of the one hundred channels ,
User Interface: Mm-hmm .
Industrial Designer: But still {disfmarker} Yeah .
Marketing: just because this is one kind of thing they do , zapping .
Project Manager: Yeah uh on zap it's only next next next next next , yeah .
Industrial Designer: Yeah .
Marketing: And it's only next .
Industrial Designer: Yeah .
Marketing: Yeah
User Interface: Mm . We got these buttons here . Next next .
Marketing: so {disfmarker} but you have to {disfmarker}
Project Manager: Mm-hmm .
Marketing: Okay .
Industrial Designer: Yeah. .
User Interface: Or say this can be back .
Industrial Designer: Yeah . But otherwise like we can put some display on numbers and then they can just press {disfmarker} suppose two five they just press two and five
Marketing: So it would be {disfmarker}
Industrial Designer: and then {disfmarker}
Marketing: Okay .
Project Manager: Maybe we can make uh different modes for each button
Industrial Designer: Yeah .
Project Manager: and you can change mode {disfmarker} zapping mode or
Industrial Designer: Yeah . Yeah , yeah .
Marketing: Mm-hmm . Alright .
Project Manager: uh current chan
Industrial Designer: Yeah , yeah . Yeah but since we are focusing only on T_V_ remote controls
Marketing: {vocalsound} Listening more .
Project Manager: Yeah .
Industrial Designer: so we can have more functions for T_V_
Marketing: Mm-hmm .
Industrial Designer: uh if you want to go for a universal then we ought to limit for functions for each of our devices .
Project Manager: Mm-hmm .
Marketing: {vocalsound} Okay .
User Interface: Could we carry out some research if we w really need this , like how many people really need to go to channel number twenty five and then to sixty four ?
Marketing: Well I could could uh have a look at that {vocalsound} maybe .
Project Manager: {vocalsound}
User Interface: {vocalsound} Okay .
Industrial Designer: Yeah . Yeah .
Marketing: {vocalsound} I'll check in my department if there's someone specialist in that . {vocalsound}
User Interface: {vocalsound} Okay .
Project Manager: {vocalsound} Okay .
Industrial Designer: {vocalsound}
Marketing: Although I don't know . {vocalsound}
User Interface: Alright ? Thanks for your attention .
Project Manager: Uh you're finish ? Okay . So now {vocalsound} the technical aspects of this new device . Mm .
Industrial Designer: Two . Yeah , if {disfmarker} {gap} Sorry .
Project Manager: You prefer it {gap} . {vocalsound}
Industrial Designer: Yeah . Uh as you know , I am mister Ramaro . I am an expert in uh industrial design of all electronic devices and I previously devised many uh {disfmarker} like digital calculators and electronic calculators . {vocalsound} So now I'll briefly describe the working design of our remote control . Well , as you know the basic function of remote control is sending some message to the the device , like T_V_ or V_C_R_ or D_V_D_ player etcetera . So we will have a p portable device which will send message to the the main device like T_V_ . So we need to have some energy source to do what {disfmarker} to do the functions , what we want on this portable device . {vocalsound} And usually this {disfmarker} so to do these functions we need an interface , which basically some kind of pressing buttons or keys or like moving jack or something like that . And then these messages {disfmarker} these key buttons can be transferred into some kind of message and then it will process by the chip and then it will generate some information to the main device . It's generally in the form of infrared or some kind of s sensor information . Then we will have the main control in the main device to do the particular action what we want . So , basically we need uh since we are focusing on our interface device {gap} remote control mainly the energy source like the battery and then we have user interface like uh the keypad and you know buttons we want , and then we have some chip , it's mainly digital signal processing chip because since we are {disfmarker} I am one doing mostly digital uh devices we ought to have some kind of processor which take care of all these functions and put it in some digital format . And then we'll have the infrared L_E_D_ source which sends the information to the main device . Then we'll have switch in our main uh um device to do particular operations , and we ought to do different codes for different T_V_s ,
Project Manager: Mm-hmm .
Industrial Designer: so some T_V_s will have different encryption codes for doing s s uh channel changing and these things .
Project Manager: Okay . To make it quite uh an universal uh device uh .
Industrial Designer: Yeah yeah , because the people don't use one particular brand so
Project Manager: Mm .
Industrial Designer: or at least we have more more than five brands , which are really good .
Project Manager: Okay .
Industrial Designer: So we need to check their specifications and do their uh encryption that's passing information to the T_V_ device . So we need to have particular encryption codes .
Project Manager: Okay .
Industrial Designer: Then , components , so we have the main uh energy source and then we will have some buttons and then we will have infrared uh source and then we have some inside some chip in in the device . Uh since I don't have much time so I'll input the connections to all this components . And since I also want to know feedback from our Marketing Expert and User Interface ,
Project Manager: Mm-hmm .
Industrial Designer: so if you want to add some more components we can incorporate them .
Project Manager: Mm-hmm . And from from the discussion we had do you {disfmarker} can you make it on the whiteboard , or {disfmarker} mm .
Industrial Designer: Yeah . Yeah , I'm sure , because since our User Interface {gap} speech recognition and also Marketing Expert for the speech recognition is really handy ,
Project Manager: Mm-hmm . Mm-hmm .
Industrial Designer: so
Marketing: Mm-hmm .
Industrial Designer: we can have another , like uh s simple speech recogniser on our D_S_B_ chip .
Project Manager: Mm .
Industrial Designer: Since we have some kind of uh energy this is our this normal battery , so this battery , once you s switch on it will take power and we can have some speech recognition and in our g generally small digital signal processing chip so that and we will put uh the small uh simple speech recogniser
Project Manager: On {disfmarker}
Industrial Designer: and we can also train the speech recogniser for particular user so you just {vocalsound}
Project Manager: Uh train it , okay . Mm-hmm .
Industrial Designer: yeah , so that we just use simple recog
Marketing: Mm-hmm .
User Interface: {vocalsound} Too complex .
Marketing: {vocalsound}
Project Manager: {vocalsound}
Industrial Designer: no but but {disfmarker}
Marketing: But uh very very good to sell . {vocalsound}
Industrial Designer: Yeah . No , even in {disfmarker} you can find even simple mobile device like any mobile brand you can have these voice dialers or these things , yeah .
Marketing: Think of a all these young people who would love to say that this remote control only works for them ,
User Interface: Okay . Okay .
Industrial Designer: Yeah .
Marketing: and ha ha you cannot use my remote control ,
Project Manager: Mm . {vocalsound}
Marketing: because it's targeted to me . Whatever . {vocalsound}
Industrial Designer: Yeah .
Project Manager: And what about the price of this component ?
Industrial Designer: So {disfmarker} Uh maybe we can make uh it in five Euros and even less than that ,
Project Manager: It mm {disfmarker} okay .
Marketing: Hmm . Cheap .
Industrial Designer: because we want to have uh millions and in bulk ,
Marketing: Millions . {vocalsound}
Project Manager: Mm . {vocalsound}
Industrial Designer: so we can make really simp
Project Manager: Okay .
Industrial Designer: and we want to make really simple device
Marketing: Cheap .
Industrial Designer: because we have only very few words like like power , switch on or some like
Project Manager: Mm-hmm .
Industrial Designer: then we'll have something like this um we'll have volume and then we will have s particular channel , so users can listen .
Marketing: The user uh will just be able to say uh please can you uh pump up the vo pump up the volume
Project Manager: Mm-hmm .
Marketing: or or it will be something like volume , up , down .
Industrial Designer: Ye No , yeah , a user can use any kind of sender but they should have this prompt {gap} volume and then {disfmarker} {vocalsound}
Marketing: Okay .
Project Manager: With a keywords and {disfmarker} yeah .
Industrial Designer: yeah volume and decrease or increase , so we try to only recognise those words
Marketing: Okay .
Project Manager: Mm-hmm mm .
Industrial Designer: and and because we can't really say user to say same wording
Marketing: Couple of words .
Industrial Designer: then it become more mechanical and {disfmarker} yeah .
Project Manager: Mm-hmm .
Marketing: Okay .
Project Manager: Okay .
User Interface: Um .
Industrial Designer: And then we can have channel they can say , okay I want eight , because we don't know like users have different programmes , I mean they don't really follow same channels strict uh so we just want channel number ,
Project Manager: {vocalsound} Okay .
User Interface: {vocalsound} Okay . {gap} {vocalsound}
Industrial Designer: we don't want like B_B_C_ or C_N_N_ or something else
Marketing: Of course uh it has to be {disfmarker}
Industrial Designer: because it will be complicated so we'll have only these three uh main basic uh anyway volume is not really speech recognition problem ,
Marketing: Okay .
Industrial Designer: it's it it will be take care of our main {disfmarker} mm .
User Interface: No you know it's a conceptual question , 'cause now I see th this {disfmarker} the picture in front of my eyes like a user taking his remote control and shouting into it , volume up , volume up ,
Project Manager: {vocalsound}
Marketing: {vocalsound} But then I think you you {disfmarker} {vocalsound}
User Interface: and and he's coming {disfmarker} you know , he's really annoyed with this , down , up , down . {vocalsound}
Project Manager: {vocalsound}
Marketing: First of all I I think this is not uh functionality that it is going to be instead of using the buttons .
Project Manager: No , in no not only speech , yeah .
Marketing: It's on top of using the button .
Project Manager: {vocalsound} I it's an option .
User Interface: Okay , for this budget like twelve Euros .
Marketing: Well , I dunno . {vocalsound}
Industrial Designer: Yeah actually we we can have one switch to like uh switch on , on and off , this {gap} processor and {disfmarker} This really {gap} , suppose like here we have our main chip which controls power , volume and this part and this D_S_P_s .
User Interface: Mm-hmm .
Industrial Designer: Again , this to have some interaction like suppose people use D_S_P_ then it particularly sends some information to the chip like in some form , like volume and {gap} like this key .
User Interface: Okay. .
Industrial Designer: So it may not be like very expensive , because since we are only focusing on T_V_ remote control
Marketing: T_V_ .
Project Manager: Okay .
User Interface: Mm-hmm , mm-hmm .
Industrial Designer: so {disfmarker} and we have only few things here {disfmarker}
Project Manager: Sho to to train , okay .
User Interface: Did you consider the r gest uh gesture recognition ?
Industrial Designer: Yeah .
User Interface: Like , if I want to put volume up I like do {disfmarker} mm I take my remote control do like {disfmarker} something like
Marketing: {vocalsound}
User Interface: roll 'em up
Industrial Designer: Um uh uh this point we didn't consider
User Interface: or roll 'em down .
Project Manager: Mm .
Marketing: {vocalsound} Very expensive ,
Industrial Designer: because it's it's very expensive
Marketing: no ?
Industrial Designer: because v our target is only like twelve point five Euros
Project Manager: And well , what about the idea of automatic on off on the button , yeah .
User Interface: Mm why ?
Industrial Designer: and {disfmarker}
User Interface: That's just {disfmarker}
Industrial Designer: Yeah ,
Marketing: And volume control .
Industrial Designer: even automatic on off is also a bit problematic , because it {disfmarker} different criteria for different people like so suppose people are really uh they just uh they don't touch the remote and mm y you don't know how much time you need to switch on or switch off
Marketing: So but uh {disfmarker}
Industrial Designer: and {disfmarker}
Marketing: Sh should we target a a user personalised uh uh remote control ? So in in a given room there might be more than one remote control . We would uh have each one and uh with our own personal uh settings .
Project Manager: {vocalsound}
Industrial Designer: Yay yeah . Yeah that can be possible , especially for power settings , so user can say okay , suppose they're watching a tennis match or something then they can say okay uh after one hour I {disfmarker}
Marketing: Hmm .
Project Manager: Wouldn't that make uh {vocalsound} arguments ?
Industrial Designer: They can make {disfmarker}
Marketing: {vocalsound} Yeah , of course .
Project Manager: I want uh {vocalsound}
User Interface: {vocalsound}
Industrial Designer: {vocalsound} {vocalsound} Yeah we can have {disfmarker}
Marketing: {vocalsound} {vocalsound} That's no problem , we will sell more . {vocalsound}
Project Manager: {vocalsound} And we can increase this {vocalsound} the strength
User Interface: {vocalsound} We got a really good Market Expert .
Industrial Designer: {vocalsound}
Marketing: Yeah exactly .
Project Manager: {vocalsound} y you can buy one with {vocalsound}
User Interface: Let's send more , let's sell more .
Industrial Designer: Yeah . {vocalsound}
User Interface: Okay .
Project Manager: Mm-hmm . Okay . You have mm something else to say ? Uh .
Industrial Designer: Uh , not very much ,
Project Manager: No .
Industrial Designer: like {disfmarker} yeah .
Marketing: Okay . Thanks .
Project Manager: Okay , thanks .
Industrial Designer: Thank you . Yep . Thank you .
Project Manager: {vocalsound} So
Industrial Designer: Can you just {disfmarker} yeah .
Project Manager: mm
Industrial Designer: {gap}
Project Manager: mm I think , okay , we're just on time . Um mm mm . So , we're now going to l have the lunch break .
Marketing: Mm great . {vocalsound}
Project Manager: {vocalsound} Then we will work again for thirty minutes individual work , and um {vocalsound} we will uh meet again for the next meeting , and uh in this one want to to be more focused on the individual actions the um {disfmarker} on the components so {vocalsound} uh you will focus on the component concept um
Industrial Designer: Yeah yeah .
Project Manager: uh of course the U_I_D_ Mark will be uh focused on the user interface concept
Industrial Designer: Mark will {disfmarker}
Project Manager: and uh our m Market Expert Sammy Benjo uh on the trend watching . So {vocalsound} um of course like before specific instruction will be sent to you by your personal personal coach . Well I think that's all . And we have um maybe we have to {disfmarker} we say , only for T_V_ , not teletext ?
Marketing: {vocalsound}
Project Manager: Uh I think automatic on off control uh it's not possible .
Industrial Designer: Uh it's in current price , yeah .
Marketing: Difficult .
Project Manager: Yeah , maybe in the next uh step if we make it work um .
Industrial Designer: Yeah . But speech recogniser can be possible .
Project Manager: Yeah , implemented . O okay , we can think about that .
Marketing: Mm-hmm .
Project Manager: And um do you see something else ?
Marketing: No .
User Interface: Uh , should it be equipped with the uh , with uh speakers ?
Marketing: {vocalsound} Speakers in the remote cont
User Interface: Like , you want to find it , you shout
Marketing: Oh yeah .
Project Manager: Uh yeah
User Interface: control ,
Project Manager: that's {disfmarker}
User Interface: and it answers is I'm here ? Or {disfmarker}
Marketing: It just beeps .
User Interface: Just beeps ?
Marketing: That would be enough .
Project Manager: Or maybe you want to phone him .
Marketing: Something very cheap .
Project Manager: Since now all {disfmarker}
Industrial Designer: Yeah yeah yeah .
Marketing: But that's ex that's expensive . Uh .
Project Manager: yeah ? Think
Industrial Designer: Yeah , especially the power , it really consumes
Project Manager: Uh-huh .
Industrial Designer: because it should be all the time on and {disfmarker}
Project Manager: And uh {disfmarker}
Marketing: Well I I heard of devices where you just uh whistle them and and they {disfmarker}
Project Manager: And it's answered .
Industrial Designer: Yeah .
Marketing: because of the the frequency they they just answer to that .
Industrial Designer: Yeah .
User Interface: I can't whistle . No , no , I can't .
Marketing: You can't whistle . Uh-huh .
Project Manager: {vocalsound}
Marketing: Or a clap . You can clap . Can you ?
Project Manager: Clap clap clap it's a good {disfmarker}
User Interface: Mm .
Industrial Designer: Yeah .
Marketing: Clap is good .
Project Manager: I I think it's universal .
Industrial Designer: Yeah .
Marketing: Tak
Project Manager: {vocalsound} What about people without hand ?
User Interface: {vocalsound} Okay .
Marketing: {vocalsound} Just a {vocalsound} suggestion .
Industrial Designer: {vocalsound} Yeah I think it's good .
Project Manager: Yeah . {vocalsound}
Marketing: {vocalsound} With only one hand ? {vocalsound} {vocalsound} These are not our target people . {vocalsound}
Project Manager: Mm uh okay .
Industrial Designer: But it's a good feature I guess yeah we need to think about more how to incorporate it .
Project Manager: Mm-hmm . Okay .
User Interface: Just don't interfere with other devices like 'cause like all these people do that their lights are turning on with clapping .
Marketing: Mm-hmm .
Industrial Designer: Oh .
Marketing: Oh that's e that already exists
User Interface: Yeah , I got it at my home , like {gap} {vocalsound} .
Marketing: okay okay .
Project Manager: Mm-hmm .
Marketing: Oh yeah , you do have .
User Interface: Oops .
Industrial Designer: Ah it's {disfmarker} {vocalsound}
Marketing: Wow . You're trendy . {vocalsound}
Project Manager: Mm-hmm , so {vocalsound} let's to think s so that {disfmarker}
Marketing: Think about it .
Project Manager: yeah . I think that could be in the component uh concept uh .
Marketing: Yeah , okay .
Industrial Designer: Yeah .
Project Manager: It {disfmarker} yes . {vocalsound} Okay .
Marketing: Okay . Good
Project Manager: So ,
Marketing: we're done ?
Project Manager: yeah ,
Industrial Designer: Yeah .
Project Manager: let's go to lunch .
Industrial Designer: Thank you , thank you very much .
Marketing: Right , thanks .
Project Manager: {gap}",Summarize the discussion about the working design of the remote control.,"The industrial designer described the product as a portable device with some energy source, an interface which included some pressing buttons and keys, a processor, some infrared source which could send the information to the main device, and different encryption codes for different TVs. Since the Marketing and the user interface designer mentioned speech recognition, the industrial designer also took that into account. All these components would cost 5 Euros or even less than that. As for gesture recognition and automatic power control, the group gave them up due to price issues. At the end of the meeting, the group also talked about how to enable the users to find the controller.","The remote control will have a portable device that sends messages to the main device, such as a TV. It will need an energy source, like a battery, and an interface, like a keypad or buttons. The messages from the keypad will be transferred to a chip, which will process the information and send it to the main device in the form of infrared or sensor information. The main device will have a control to perform the desired action. The remote control will have a digital signal processing chip, an",0.3733841311186552,12.997362952679396,8.000647135711295
